label,tickers_refreshed,rows_written,oos_rows
run1_tight_weak_v224_pr106_ph000_pc021_dd072_cr033_cd062_de05_rvx080_rvv077_hvx058_cvx038_hvv070_cvv043_pcv020_rvto105_nhvto001_cvto015_dvto000_ndvx007_dvv000_ndvol040_vf000_base,9,18,9
run1_tight_weak_v224_pr106_ph000_pc021_dd072_cr033_cd062_de05_rvx080_rvv077_hvx058_cvx038_hvv070_cvv043_pcv020_rvto105_nhvto001_cvto015_dvto000_ndvx007_dvv000_ndvol041_vf000,9,18,9
run1_tight_weak_v224_pr106_ph000_pc021_dd072_cr033_cd062_de05_rvx080_rvv077_hvx058_cvx038_hvv070_cvv043_pcv020_rvto105_nhvto001_cvto015_dvto000_ndvx007_dvv000_ndvol042_vf000,9,18,9
run1_tight_weak_v224_pr106_ph000_pc021_dd072_cr033_cd062_de05_rvx080_rvv077_hvx058_cvx038_hvv070_cvv043_pcv020_rvto105_nhvto001_cvto015_dvto000_ndvx007_dvv000_ndvol043_vf000,9,18,9
run1_tight_weak_v224_pr106_ph000_pc021_dd072_cr033_cd062_de05_rvx080_rvv077_hvx058_cvx038_hvv070_cvv043_pcv020_rvto105_nhvto001_cvto015_dvto000_ndvx007_dvv000_ndvol044_vf000,9,18,9
run1_tight_weak_v224_pr106_ph000_pc021_dd072_cr033_cd062_de05_rvx080_rvv077_hvx058_cvx038_hvv070_cvv043_pcv020_rvto105_nhvto001_cvto015_dvto000_ndvx007_dvv000_ndvol045_vf000,9,18,9
run1_tight_weak_v224_pr106_ph000_pc021_dd072_cr033_cd062_de05_rvx080_rvv077_hvx058_cvx038_hvv070_cvv043_pcv020_rvto105_nhvto001_cvto015_dvto000_ndvx007_dvv000_ndvol046_vf000,9,18,9
run1_tight_weak_v224_pr106_ph000_pc021_dd072_cr033_cd062_de05_rvx080_rvv077_hvx058_cvx038_hvv070_cvv043_pcv020_rvto105_nhvto001_cvto015_dvto000_ndvx007_dvv000_ndvol047_vf000,9,18,9
run1_tight_weak_v224_pr106_ph000_pc021_dd072_cr033_cd062_de05_rvx080_rvv077_hvx058_cvx038_hvv070_cvv043_pcv020_rvto105_nhvto001_cvto015_dvto000_ndvx007_dvv000_ndvol048_vf000,9,18,9
run1_tight_weak_v224_pr106_ph000_pc021_dd072_cr033_cd062_de05_rvx080_rvv077_hvx058_cvx038_hvv070_cvv043_pcv020_rvto105_nhvto001_cvto015_dvto000_ndvx007_dvv000_ndvol049_vf000,9,18,9
run1_tight_weak_v224_pr106_ph000_pc021_dd072_cr033_cd062_de05_rvx080_rvv077_hvx058_cvx038_hvv070_cvv043_pcv020_rvto105_nhvto001_cvto015_dvto000_ndvx007_dvv000_ndvol050_vf000,9,18,9
run1_tight_weak_v224_pr106_ph000_pc021_dd072_cr033_cd062_de05_rvx080_rvv077_hvx058_cvx038_hvv070_cvv043_pcv020_rvto105_nhvto001_cvto015_dvto000_ndvx007_dvv000_ndvol051_vf000,9,18,9
run1_tight_weak_v224_pr106_ph000_pc021_dd072_cr033_cd062_de05_rvx080_rvv077_hvx058_cvx038_hvv070_cvv043_pcv020_rvto105_nhvto001_cvto015_dvto000_ndvx007_dvv000_ndvol052_vf000,9,18,9
run1_tight_weak_v224_pr106_ph000_pc021_dd072_cr033_cd062_de05_rvx080_rvv077_hvx058_cvx038_hvv070_cvv043_pcv020_rvto105_nhvto001_cvto015_dvto000_ndvx007_dvv000_ndvol053_vf000,9,18,9
run1_tight_weak_v224_pr106_ph000_pc021_dd072_cr033_cd062_de05_rvx080_rvv077_hvx058_cvx038_hvv070_cvv043_pcv020_rvto105_nhvto001_cvto015_dvto000_ndvx007_dvv000_ndvol054_vf000,9,18,9
run1_tight_weak_v224_pr106_ph000_pc021_dd072_cr033_cd062_de05_rvx080_rvv077_hvx058_cvx038_hvv070_cvv043_pcv020_rvto105_nhvto001_cvto015_dvto000_ndvx007_dvv000_ndvol055_vf000,9,18,9
run1_tight_weak_v224_pr106_ph000_pc021_dd072_cr033_cd062_de05_rvx080_rvv077_hvx058_cvx038_hvv070_cvv043_pcv020_rvto105_nhvto001_cvto015_dvto000_ndvx007_dvv000_ndvol056_vf000,9,18,9
run1_tight_weak_v224_pr106_ph000_pc021_dd072_cr033_cd062_de05_rvx080_rvv077_hvx058_cvx038_hvv070_cvv043_pcv020_rvto105_nhvto001_cvto015_dvto000_ndvx007_dvv000_ndvol057_vf000,9,18,9
run1_tight_weak_v224_pr106_ph000_pc021_dd072_cr033_cd062_de05_rvx080_rvv077_hvx058_cvx038_hvv070_cvv043_pcv020_rvto105_nhvto001_cvto015_dvto000_ndvx007_dvv000_ndvol058_vf000,9,18,9
run1_tight_weak_v224_pr106_ph000_pc021_dd072_cr033_cd062_de05_rvx080_rvv077_hvx058_cvx038_hvv070_cvv043_pcv020_rvto105_nhvto001_cvto015_dvto000_ndvx007_dvv000_ndvol059_vf000,9,18,9
run1_tight_weak_v224_pr106_ph000_pc021_dd072_cr033_cd062_de05_rvx080_rvv077_hvx058_cvx038_hvv070_cvv043_pcv020_rvto105_nhvto001_cvto015_dvto000_ndvx007_dvv000_ndvol060_vf000,9,18,9
run1_tight_weak_v224_pr106_ph000_pc021_dd072_cr033_cd062_de05_rvx080_rvv077_hvx058_cvx038_hvv070_cvv043_pcv020_rvto105_nhvto001_cvto015_dvto000_ndvx007_dvv000_ndvol061_vf000,9,18,9
run1_tight_weak_v224_pr106_ph000_pc021_dd072_cr033_cd062_de05_rvx080_rvv077_hvx058_cvx038_hvv070_cvv043_pcv020_rvto105_nhvto001_cvto015_dvto000_ndvx007_dvv000_ndvol062_vf000,9,18,9
run1_tight_weak_v224_pr106_ph000_pc021_dd072_cr033_cd062_de05_rvx080_rvv077_hvx058_cvx038_hvv070_cvv043_pcv020_rvto105_nhvto001_cvto015_dvto000_ndvx007_dvv000_ndvol063_vf000,9,18,9
run1_tight_weak_v224_pr106_ph000_pc021_dd072_cr033_cd062_de05_rvx080_rvv077_hvx058_cvx038_hvv070_cvv043_pcv020_rvto105_nhvto001_cvto015_dvto000_ndvx007_dvv000_ndvol064_vf000,9,18,9
run1_tight_weak_v224_pr106_ph000_pc021_dd072_cr033_cd062_de05_rvx080_rvv077_hvx058_cvx038_hvv070_cvv043_pcv020_rvto105_nhvto001_cvto015_dvto000_ndvx007_dvv000_ndvol065_vf000,9,18,9
run1_tight_weak_v224_pr106_ph000_pc021_dd072_cr033_cd062_de05_rvx080_rvv077_hvx058_cvx038_hvv070_cvv043_pcv020_rvto105_nhvto001_cvto015_dvto000_ndvx007_dvv000_ndvol066_vf000,9,18,9
run1_tight_weak_v224_pr106_ph000_pc021_dd072_cr033_cd062_de05_rvx080_rvv077_hvx058_cvx038_hvv070_cvv043_pcv020_rvto105_nhvto001_cvto015_dvto000_ndvx007_dvv000_ndvol067_vf000,9,18,9
run1_tight_weak_v224_pr106_ph000_pc021_dd072_cr033_cd062_de05_rvx080_rvv077_hvx058_cvx038_hvv070_cvv043_pcv020_rvto105_nhvto001_cvto015_dvto000_ndvx007_dvv000_ndvol068_vf000,9,18,9
run1_tight_weak_v224_pr106_ph000_pc021_dd072_cr033_cd062_de05_rvx080_rvv077_hvx058_cvx038_hvv070_cvv043_pcv020_rvto105_nhvto001_cvto015_dvto000_ndvx007_dvv000_ndvol069_vf000,9,18,9
run1_tight_weak_v224_pr106_ph000_pc021_dd072_cr033_cd062_de05_rvx080_rvv077_hvx058_cvx038_hvv070_cvv043_pcv020_rvto105_nhvto001_cvto015_dvto000_ndvx007_dvv000_ndvol070_vf000,9,18,9
run1_tight_weak_v224_pr106_ph000_pc021_dd072_cr033_cd062_de05_rvx080_rvv077_hvx058_cvx038_hvv070_cvv043_pcv020_rvto105_nhvto001_cvto015_dvto000_ndvx007_dvv000_ndvol071_vf000,9,18,9
run1_tight_weak_v224_pr106_ph000_pc021_dd072_cr033_cd062_de05_rvx080_rvv077_hvx058_cvx038_hvv070_cvv043_pcv020_rvto105_nhvto001_cvto015_dvto000_ndvx007_dvv000_ndvol072_vf000,9,18,9
run1_tight_weak_v224_pr106_ph000_pc021_dd072_cr033_cd062_de05_rvx080_rvv077_hvx058_cvx038_hvv070_cvv043_pcv020_rvto105_nhvto001_cvto015_dvto000_ndvx007_dvv000_ndvol073_vf000,9,18,9
run1_tight_weak_v224_pr106_ph000_pc021_dd072_cr033_cd062_de05_rvx080_rvv077_hvx058_cvx038_hvv070_cvv043_pcv020_rvto105_nhvto001_cvto015_dvto000_ndvx007_dvv000_ndvol074_vf000,9,18,9
run1_tight_weak_v224_pr106_ph000_pc021_dd072_cr033_cd062_de05_rvx080_rvv077_hvx058_cvx038_hvv070_cvv043_pcv020_rvto105_nhvto001_cvto015_dvto000_ndvx007_dvv000_ndvol075_vf000,9,18,9
run1_tight_weak_v224_pr106_ph000_pc021_dd072_cr033_cd062_de05_rvx080_rvv077_hvx058_cvx038_hvv070_cvv043_pcv020_rvto105_nhvto001_cvto015_dvto000_ndvx007_dvv000_ndvol076_vf000,9,18,9
run1_tight_weak_v224_pr106_ph000_pc021_dd072_cr033_cd062_de05_rvx080_rvv077_hvx058_cvx038_hvv070_cvv043_pcv020_rvto105_nhvto001_cvto015_dvto000_ndvx007_dvv000_ndvol077_vf000,9,18,9
run1_tight_weak_v224_pr106_ph000_pc021_dd072_cr033_cd062_de05_rvx080_rvv077_hvx058_cvx038_hvv070_cvv043_pcv020_rvto105_nhvto001_cvto015_dvto000_ndvx007_dvv000_ndvol078_vf000,9,18,9
run1_tight_weak_v224_pr106_ph000_pc021_dd072_cr033_cd062_de05_rvx080_rvv077_hvx058_cvx038_hvv070_cvv043_pcv020_rvto105_nhvto001_cvto015_dvto000_ndvx007_dvv000_ndvol079_vf000,9,18,9
run1_tight_weak_v224_pr106_ph000_pc021_dd072_cr033_cd062_de05_rvx080_rvv077_hvx058_cvx038_hvv070_cvv043_pcv020_rvto105_nhvto001_cvto015_dvto000_ndvx007_dvv000_ndvol080_vf000,9,18,9
run1_tight_weak_v224_pr106_ph000_pc021_dd072_cr033_cd062_de05_rvx080_rvv077_hvx058_cvx038_hvv070_cvv043_pcv020_rvto105_nhvto001_cvto015_dvto000_ndvx007_dvv000_ndvol081_vf000,9,18,9
run1_tight_weak_v224_pr106_ph000_pc021_dd072_cr033_cd062_de05_rvx080_rvv077_hvx058_cvx038_hvv070_cvv043_pcv020_rvto105_nhvto001_cvto015_dvto000_ndvx007_dvv000_ndvol082_vf000,9,18,9
run1_tight_weak_v224_pr106_ph000_pc021_dd072_cr033_cd062_de05_rvx080_rvv077_hvx058_cvx038_hvv070_cvv043_pcv020_rvto105_nhvto001_cvto015_dvto000_ndvx007_dvv000_ndvol083_vf000,9,18,9
run1_tight_weak_v224_pr106_ph000_pc021_dd072_cr033_cd062_de05_rvx080_rvv077_hvx058_cvx038_hvv070_cvv043_pcv020_rvto105_nhvto001_cvto015_dvto000_ndvx007_dvv000_ndvol084_vf000,9,18,9
run1_tight_weak_v224_pr106_ph000_pc021_dd072_cr033_cd062_de05_rvx080_rvv077_hvx058_cvx038_hvv070_cvv043_pcv020_rvto105_nhvto001_cvto015_dvto000_ndvx007_dvv000_ndvol085_vf000,9,18,9
run1_tight_weak_v224_pr106_ph000_pc021_dd072_cr033_cd062_de05_rvx080_rvv077_hvx058_cvx038_hvv070_cvv043_pcv020_rvto105_nhvto001_cvto015_dvto000_ndvx007_dvv000_ndvol086_vf000,9,18,9
run1_tight_weak_v224_pr106_ph000_pc021_dd072_cr033_cd062_de05_rvx080_rvv077_hvx058_cvx038_hvv070_cvv043_pcv020_rvto105_nhvto001_cvto015_dvto000_ndvx007_dvv000_ndvol087_vf000,9,18,9
run1_tight_weak_v224_pr106_ph000_pc021_dd072_cr033_cd062_de05_rvx080_rvv077_hvx058_cvx038_hvv070_cvv043_pcv020_rvto105_nhvto001_cvto015_dvto000_ndvx007_dvv000_ndvol088_vf000,9,18,9
run1_tight_weak_v224_pr106_ph000_pc021_dd072_cr033_cd062_de05_rvx080_rvv077_hvx058_cvx038_hvv070_cvv043_pcv020_rvto105_nhvto001_cvto015_dvto000_ndvx007_dvv000_ndvol089_vf000,9,18,9
run1_tight_weak_v224_pr106_ph000_pc021_dd072_cr033_cd062_de05_rvx080_rvv077_hvx058_cvx038_hvv070_cvv043_pcv020_rvto105_nhvto001_cvto015_dvto000_ndvx007_dvv000_ndvol090_vf000,9,18,9
run1_tight_weak_v224_pr106_ph000_pc021_dd072_cr033_cd062_de05_rvx080_rvv077_hvx058_cvx038_hvv070_cvv043_pcv020_rvto105_nhvto001_cvto015_dvto000_ndvx007_dvv000_ndvol091_vf000,9,18,9
run1_tight_weak_v224_pr106_ph000_pc021_dd072_cr033_cd062_de05_rvx080_rvv077_hvx058_cvx038_hvv070_cvv043_pcv020_rvto105_nhvto001_cvto015_dvto000_ndvx007_dvv000_ndvol092_vf000,9,18,9
run1_tight_weak_v224_pr106_ph000_pc021_dd072_cr033_cd062_de05_rvx080_rvv077_hvx058_cvx038_hvv070_cvv043_pcv020_rvto105_nhvto001_cvto015_dvto000_ndvx007_dvv000_ndvol093_vf000,9,18,9
run1_tight_weak_v224_pr106_ph000_pc021_dd072_cr033_cd062_de05_rvx080_rvv077_hvx058_cvx038_hvv070_cvv043_pcv020_rvto105_nhvto001_cvto015_dvto000_ndvx007_dvv000_ndvol094_vf000,9,18,9
run1_tight_weak_v224_pr106_ph000_pc021_dd072_cr033_cd062_de05_rvx080_rvv077_hvx058_cvx038_hvv070_cvv043_pcv020_rvto105_nhvto001_cvto015_dvto000_ndvx007_dvv000_ndvol095_vf000,9,18,9
run1_tight_weak_v224_pr106_ph000_pc021_dd072_cr033_cd062_de05_rvx080_rvv077_hvx058_cvx038_hvv070_cvv043_pcv020_rvto105_nhvto001_cvto015_dvto000_ndvx007_dvv000_ndvol096_vf000,9,18,9
run1_tight_weak_v224_pr106_ph000_pc021_dd072_cr033_cd062_de05_rvx080_rvv077_hvx058_cvx038_hvv070_cvv043_pcv020_rvto105_nhvto001_cvto015_dvto000_ndvx007_dvv000_ndvol097_vf000,9,18,9
run1_tight_weak_v224_pr106_ph000_pc021_dd072_cr033_cd062_de05_rvx080_rvv077_hvx058_cvx038_hvv070_cvv043_pcv020_rvto105_nhvto001_cvto015_dvto000_ndvx007_dvv000_ndvol098_vf000,9,18,9
run1_tight_weak_v224_pr106_ph000_pc021_dd072_cr033_cd062_de05_rvx080_rvv077_hvx058_cvx038_hvv070_cvv043_pcv020_rvto105_nhvto001_cvto015_dvto000_ndvx007_dvv000_ndvol099_vf000,9,18,9
run1_tight_weak_v224_pr106_ph000_pc021_dd072_cr033_cd062_de05_rvx080_rvv077_hvx058_cvx038_hvv070_cvv043_pcv020_rvto105_nhvto001_cvto015_dvto000_ndvx007_dvv000_ndvol100_vf000,9,18,9
run1_tight_weak_v224_pr106_ph000_pc021_dd072_cr033_cd062_de05_rvx080_rvv077_hvx058_cvx038_hvv070_cvv043_pcv020_rvto105_nhvto001_cvto015_dvto000_ndvx007_dvv000_ndvol101_vf000,9,18,9
run1_tight_weak_v224_pr106_ph000_pc021_dd072_cr033_cd062_de05_rvx080_rvv077_hvx058_cvx038_hvv070_cvv043_pcv020_rvto105_nhvto001_cvto015_dvto000_ndvx007_dvv000_ndvol102_vf000,9,18,9
run1_tight_weak_v224_pr106_ph000_pc021_dd072_cr033_cd062_de05_rvx080_rvv077_hvx058_cvx038_hvv070_cvv043_pcv020_rvto105_nhvto001_cvto015_dvto000_ndvx007_dvv000_ndvol103_vf000,9,18,9
run1_tight_weak_v224_pr106_ph000_pc021_dd072_cr033_cd062_de05_rvx080_rvv077_hvx058_cvx038_hvv070_cvv043_pcv020_rvto105_nhvto001_cvto015_dvto000_ndvx007_dvv000_ndvol104_vf000,9,18,9
run1_tight_weak_v224_pr106_ph000_pc021_dd072_cr033_cd062_de05_rvx080_rvv077_hvx058_cvx038_hvv070_cvv043_pcv020_rvto105_nhvto001_cvto015_dvto000_ndvx007_dvv000_ndvol105_vf000,9,18,9
run1_tight_weak_v224_pr106_ph000_pc021_dd072_cr033_cd062_de05_rvx080_rvv077_hvx058_cvx038_hvv070_cvv043_pcv020_rvto105_nhvto001_cvto015_dvto000_ndvx007_dvv000_ndvol106_vf000,9,18,9
run1_tight_weak_v224_pr106_ph000_pc021_dd072_cr033_cd062_de05_rvx080_rvv077_hvx058_cvx038_hvv070_cvv043_pcv020_rvto105_nhvto001_cvto015_dvto000_ndvx007_dvv000_ndvol107_vf000,9,18,9
run1_tight_weak_v224_pr106_ph000_pc021_dd072_cr033_cd062_de05_rvx080_rvv077_hvx058_cvx038_hvv070_cvv043_pcv020_rvto105_nhvto001_cvto015_dvto000_ndvx007_dvv000_ndvol108_vf000,9,18,9
run1_tight_weak_v224_pr106_ph000_pc021_dd072_cr033_cd062_de05_rvx080_rvv077_hvx058_cvx038_hvv070_cvv043_pcv020_rvto105_nhvto001_cvto015_dvto000_ndvx007_dvv000_ndvol109_vf000,9,18,9
run1_tight_weak_v224_pr106_ph000_pc021_dd072_cr033_cd062_de05_rvx080_rvv077_hvx058_cvx038_hvv070_cvv043_pcv020_rvto105_nhvto001_cvto015_dvto000_ndvx007_dvv000_ndvol110_vf000,9,18,9
run1_tight_weak_v224_pr106_ph000_pc021_dd072_cr033_cd062_de05_rvx080_rvv077_hvx058_cvx038_hvv070_cvv043_pcv020_rvto105_nhvto001_cvto015_dvto000_ndvx007_dvv000_ndvol111_vf000,9,18,9
run1_tight_weak_v224_pr106_ph000_pc021_dd072_cr033_cd062_de05_rvx080_rvv077_hvx058_cvx038_hvv070_cvv043_pcv020_rvto105_nhvto001_cvto015_dvto000_ndvx007_dvv000_ndvol112_vf000,9,18,9
run1_tight_weak_v224_pr106_ph000_pc021_dd072_cr033_cd062_de05_rvx080_rvv077_hvx058_cvx038_hvv070_cvv043_pcv020_rvto105_nhvto001_cvto015_dvto000_ndvx007_dvv000_ndvol113_vf000,9,18,9
run1_tight_weak_v224_pr106_ph000_pc021_dd072_cr033_cd062_de05_rvx080_rvv077_hvx058_cvx038_hvv070_cvv043_pcv020_rvto105_nhvto001_cvto015_dvto000_ndvx007_dvv000_ndvol114_vf000,9,18,9
run1_tight_weak_v224_pr106_ph000_pc021_dd072_cr033_cd062_de05_rvx080_rvv077_hvx058_cvx038_hvv070_cvv043_pcv020_rvto105_nhvto001_cvto015_dvto000_ndvx007_dvv000_ndvol115_vf000,9,18,9
run1_tight_weak_v224_pr106_ph000_pc021_dd072_cr033_cd062_de05_rvx080_rvv077_hvx058_cvx038_hvv070_cvv043_pcv020_rvto105_nhvto001_cvto015_dvto000_ndvx007_dvv000_ndvol116_vf000,9,18,9
run1_tight_weak_v224_pr106_ph000_pc021_dd072_cr033_cd062_de05_rvx080_rvv077_hvx058_cvx038_hvv070_cvv043_pcv020_rvto105_nhvto001_cvto015_dvto000_ndvx007_dvv000_ndvol117_vf000,9,18,9
run1_tight_weak_v224_pr106_ph000_pc021_dd072_cr033_cd062_de05_rvx080_rvv077_hvx058_cvx038_hvv070_cvv043_pcv020_rvto105_nhvto001_cvto015_dvto000_ndvx007_dvv000_ndvol118_vf000,9,18,9
run1_tight_weak_v224_pr106_ph000_pc021_dd072_cr033_cd062_de05_rvx080_rvv077_hvx058_cvx038_hvv070_cvv043_pcv020_rvto105_nhvto001_cvto015_dvto000_ndvx007_dvv000_ndvol119_vf000,9,18,9
run1_tight_weak_v224_pr106_ph000_pc021_dd072_cr033_cd062_de05_rvx080_rvv077_hvx058_cvx038_hvv070_cvv043_pcv020_rvto105_nhvto001_cvto015_dvto000_ndvx007_dvv000_ndvol120_vf000,9,18,9
run1_tight_weak_v224_pr106_ph000_pc021_dd072_cr033_cd062_de05_rvx080_rvv077_hvx058_cvx038_hvv070_cvv043_pcv020_rvto105_nhvto001_cvto015_dvto000_ndvx007_dvv000_ndvol121_vf000,9,18,9
run1_tight_weak_v224_pr106_ph000_pc021_dd072_cr033_cd062_de05_rvx080_rvv077_hvx058_cvx038_hvv070_cvv043_pcv020_rvto105_nhvto001_cvto015_dvto000_ndvx007_dvv000_ndvol122_vf000,9,18,9
run1_tight_weak_v224_pr106_ph000_pc021_dd072_cr033_cd062_de05_rvx080_rvv077_hvx058_cvx038_hvv070_cvv043_pcv020_rvto105_nhvto001_cvto015_dvto000_ndvx007_dvv000_ndvol123_vf000,9,18,9
run1_tight_weak_v224_pr106_ph000_pc021_dd072_cr033_cd062_de05_rvx080_rvv077_hvx058_cvx038_hvv070_cvv043_pcv020_rvto105_nhvto001_cvto015_dvto000_ndvx007_dvv000_ndvol124_vf000,9,18,9
run1_tight_weak_v224_pr106_ph000_pc021_dd072_cr033_cd062_de05_rvx080_rvv077_hvx058_cvx038_hvv070_cvv043_pcv020_rvto105_nhvto001_cvto015_dvto000_ndvx007_dvv000_ndvol125_vf000,9,18,9
run1_tight_weak_v224_pr106_ph000_pc021_dd072_cr033_cd062_de05_rvx080_rvv077_hvx058_cvx038_hvv070_cvv043_pcv020_rvto105_nhvto001_cvto015_dvto000_ndvx007_dvv000_ndvol126_vf000,9,18,9
run1_tight_weak_v224_pr106_ph000_pc021_dd072_cr033_cd062_de05_rvx080_rvv077_hvx058_cvx038_hvv070_cvv043_pcv020_rvto105_nhvto001_cvto015_dvto000_ndvx007_dvv000_ndvol127_vf000,9,18,9
run1_tight_weak_v224_pr106_ph000_pc021_dd072_cr033_cd062_de05_rvx080_rvv077_hvx058_cvx038_hvv070_cvv043_pcv020_rvto105_nhvto001_cvto015_dvto000_ndvx007_dvv000_ndvol128_vf000,9,18,9
run1_tight_weak_v224_pr106_ph000_pc021_dd072_cr033_cd062_de05_rvx080_rvv077_hvx058_cvx038_hvv070_cvv043_pcv020_rvto105_nhvto001_cvto015_dvto000_ndvx007_dvv000_ndvol129_vf000,9,18,9
run1_tight_weak_v224_pr106_ph000_pc021_dd072_cr033_cd062_de05_rvx080_rvv077_hvx058_cvx038_hvv070_cvv043_pcv020_rvto105_nhvto001_cvto015_dvto000_ndvx007_dvv000_ndvol130_vf000,9,18,9
run1_tight_weak_v224_pr106_ph000_pc021_dd072_cr033_cd062_de05_rvx080_rvv077_hvx058_cvx038_hvv070_cvv043_pcv020_rvto105_nhvto001_cvto015_dvto000_ndvx007_dvv000_ndvol131_vf000,9,18,9
run1_tight_weak_v224_pr106_ph000_pc021_dd072_cr033_cd062_de05_rvx080_rvv077_hvx058_cvx038_hvv070_cvv043_pcv020_rvto105_nhvto001_cvto015_dvto000_ndvx007_dvv000_ndvol132_vf000,9,18,9
run1_tight_weak_v224_pr106_ph000_pc021_dd072_cr033_cd062_de05_rvx080_rvv077_hvx058_cvx038_hvv070_cvv043_pcv020_rvto105_nhvto001_cvto015_dvto000_ndvx007_dvv000_ndvol133_vf000,9,18,9
run1_tight_weak_v224_pr106_ph000_pc021_dd072_cr033_cd062_de05_rvx080_rvv077_hvx058_cvx038_hvv070_cvv043_pcv020_rvto105_nhvto001_cvto015_dvto000_ndvx007_dvv000_ndvol134_vf000,9,18,9
run1_tight_weak_v224_pr106_ph000_pc021_dd072_cr033_cd062_de05_rvx080_rvv077_hvx058_cvx038_hvv070_cvv043_pcv020_rvto105_nhvto001_cvto015_dvto000_ndvx007_dvv000_ndvol135_vf000,9,18,9
run1_tight_weak_v224_pr106_ph000_pc021_dd072_cr033_cd062_de05_rvx080_rvv077_hvx058_cvx038_hvv070_cvv043_pcv020_rvto105_nhvto001_cvto015_dvto000_ndvx007_dvv000_ndvol136_vf000,9,18,9
run1_tight_weak_v224_pr106_ph000_pc021_dd072_cr033_cd062_de05_rvx080_rvv077_hvx058_cvx038_hvv070_cvv043_pcv020_rvto105_nhvto001_cvto015_dvto000_ndvx007_dvv000_ndvol137_vf000,9,18,9
run1_tight_weak_v224_pr106_ph000_pc021_dd072_cr033_cd062_de05_rvx080_rvv077_hvx058_cvx038_hvv070_cvv043_pcv020_rvto105_nhvto001_cvto015_dvto000_ndvx007_dvv000_ndvol138_vf000,9,18,9
run1_tight_weak_v224_pr106_ph000_pc021_dd072_cr033_cd062_de05_rvx080_rvv077_hvx058_cvx038_hvv070_cvv043_pcv020_rvto105_nhvto001_cvto015_dvto000_ndvx007_dvv000_ndvol139_vf000,9,18,9
run1_tight_weak_v224_pr106_ph000_pc021_dd072_cr033_cd062_de05_rvx080_rvv077_hvx058_cvx038_hvv070_cvv043_pcv020_rvto105_nhvto001_cvto015_dvto000_ndvx007_dvv000_ndvol140_vf000,9,18,9
run1_tight_weak_v224_pr106_ph000_pc021_dd072_cr033_cd062_de05_rvx080_rvv077_hvx058_cvx038_hvv070_cvv043_pcv020_rvto105_nhvto001_cvto015_dvto000_ndvx007_dvv000_ndvol141_vf000,9,18,9
run1_tight_weak_v224_pr106_ph000_pc021_dd072_cr033_cd062_de05_rvx080_rvv077_hvx058_cvx038_hvv070_cvv043_pcv020_rvto105_nhvto001_cvto015_dvto000_ndvx007_dvv000_ndvol142_vf000,9,18,9
run1_tight_weak_v224_pr106_ph000_pc021_dd072_cr033_cd062_de05_rvx080_rvv077_hvx058_cvx038_hvv070_cvv043_pcv020_rvto105_nhvto001_cvto015_dvto000_ndvx007_dvv000_ndvol143_vf000,9,18,9
run1_tight_weak_v224_pr106_ph000_pc021_dd072_cr033_cd062_de05_rvx080_rvv077_hvx058_cvx038_hvv070_cvv043_pcv020_rvto105_nhvto001_cvto015_dvto000_ndvx007_dvv000_ndvol144_vf000,9,18,9
run1_tight_weak_v224_pr106_ph000_pc021_dd072_cr033_cd062_de05_rvx080_rvv077_hvx058_cvx038_hvv070_cvv043_pcv020_rvto105_nhvto001_cvto015_dvto000_ndvx007_dvv000_ndvol145_vf000,9,18,9
run1_tight_weak_v224_pr106_ph000_pc021_dd072_cr033_cd062_de05_rvx080_rvv077_hvx058_cvx038_hvv070_cvv043_pcv020_rvto105_nhvto001_cvto015_dvto000_ndvx007_dvv000_ndvol146_vf000,9,18,9
run1_tight_weak_v224_pr106_ph000_pc021_dd072_cr033_cd062_de05_rvx080_rvv077_hvx058_cvx038_hvv070_cvv043_pcv020_rvto105_nhvto001_cvto015_dvto000_ndvx007_dvv000_ndvol147_vf000,9,18,9
run1_tight_weak_v224_pr106_ph000_pc021_dd072_cr033_cd062_de05_rvx080_rvv077_hvx058_cvx038_hvv070_cvv043_pcv020_rvto105_nhvto001_cvto015_dvto000_ndvx007_dvv000_ndvol148_vf000,9,18,9
run1_tight_weak_v224_pr106_ph000_pc021_dd072_cr033_cd062_de05_rvx080_rvv077_hvx058_cvx038_hvv070_cvv043_pcv020_rvto105_nhvto001_cvto015_dvto000_ndvx007_dvv000_ndvol149_vf000,9,18,9
run1_tight_weak_v224_pr106_ph000_pc021_dd072_cr033_cd062_de05_rvx080_rvv077_hvx058_cvx038_hvv070_cvv043_pcv020_rvto105_nhvto001_cvto015_dvto000_ndvx007_dvv000_ndvol150_vf000,9,18,9
run1_tight_weak_v224_pr106_ph000_pc021_dd072_cr033_cd062_de05_rvx080_rvv077_hvx058_cvx038_hvv070_cvv043_pcv020_rvto105_nhvto001_cvto015_dvto000_ndvx007_dvv000_ndvol151_vf000,9,18,9
run1_tight_weak_v224_pr106_ph000_pc021_dd072_cr033_cd062_de05_rvx080_rvv077_hvx058_cvx038_hvv070_cvv043_pcv020_rvto105_nhvto001_cvto015_dvto000_ndvx007_dvv000_ndvol152_vf000,9,18,9
run1_tight_weak_v224_pr106_ph000_pc021_dd072_cr033_cd062_de05_rvx080_rvv077_hvx058_cvx038_hvv070_cvv043_pcv020_rvto105_nhvto001_cvto015_dvto000_ndvx007_dvv000_ndvol153_vf000,9,18,9
run1_tight_weak_v224_pr106_ph000_pc021_dd072_cr033_cd062_de05_rvx080_rvv077_hvx058_cvx038_hvv070_cvv043_pcv020_rvto105_nhvto001_cvto015_dvto000_ndvx007_dvv000_ndvol154_vf000,9,18,9
run1_tight_weak_v224_pr106_ph000_pc021_dd072_cr033_cd062_de05_rvx080_rvv077_hvx058_cvx038_hvv070_cvv043_pcv020_rvto105_nhvto001_cvto015_dvto000_ndvx007_dvv000_ndvol155_vf000,9,18,9
run1_tight_weak_v224_pr106_ph000_pc021_dd072_cr033_cd062_de05_rvx080_rvv077_hvx058_cvx038_hvv070_cvv043_pcv020_rvto105_nhvto001_cvto015_dvto000_ndvx007_dvv000_ndvol156_vf000,9,18,9
run1_tight_weak_v224_pr106_ph000_pc021_dd072_cr033_cd062_de05_rvx080_rvv077_hvx058_cvx038_hvv070_cvv043_pcv020_rvto105_nhvto001_cvto015_dvto000_ndvx007_dvv000_ndvol157_vf000,9,18,9
run1_tight_weak_v224_pr106_ph000_pc021_dd072_cr033_cd062_de05_rvx080_rvv077_hvx058_cvx038_hvv070_cvv043_pcv020_rvto105_nhvto001_cvto015_dvto000_ndvx007_dvv000_ndvol158_vf000,9,18,9
run1_tight_weak_v224_pr106_ph000_pc021_dd072_cr033_cd062_de05_rvx080_rvv077_hvx058_cvx038_hvv070_cvv043_pcv020_rvto105_nhvto001_cvto015_dvto000_ndvx007_dvv000_ndvol159_vf000,9,18,9
run1_tight_weak_v224_pr106_ph000_pc021_dd072_cr033_cd062_de05_rvx080_rvv077_hvx058_cvx038_hvv070_cvv043_pcv020_rvto105_nhvto001_cvto015_dvto000_ndvx007_dvv000_ndvol160_vf000,9,18,9
run1_tight_weak_v224_pr106_ph000_pc021_dd072_cr033_cd062_de05_rvx080_rvv077_hvx058_cvx038_hvv070_cvv043_pcv020_rvto105_nhvto001_cvto015_dvto000_ndvx007_dvv000_ndvol161_vf000,9,18,9
run1_tight_weak_v224_pr106_ph000_pc021_dd072_cr033_cd062_de05_rvx080_rvv077_hvx058_cvx038_hvv070_cvv043_pcv020_rvto105_nhvto001_cvto015_dvto000_ndvx007_dvv000_ndvol162_vf000,9,18,9
run1_tight_weak_v224_pr106_ph000_pc021_dd072_cr033_cd062_de05_rvx080_rvv077_hvx058_cvx038_hvv070_cvv043_pcv020_rvto105_nhvto001_cvto015_dvto000_ndvx007_dvv000_ndvol163_vf000,9,18,9
run1_tight_weak_v224_pr106_ph000_pc021_dd072_cr033_cd062_de05_rvx080_rvv077_hvx058_cvx038_hvv070_cvv043_pcv020_rvto105_nhvto001_cvto015_dvto000_ndvx007_dvv000_ndvol164_vf000,9,18,9
run1_tight_weak_v224_pr106_ph000_pc021_dd072_cr033_cd062_de05_rvx080_rvv077_hvx058_cvx038_hvv070_cvv043_pcv020_rvto105_nhvto001_cvto015_dvto000_ndvx007_dvv000_ndvol165_vf000,9,18,9
run1_tight_weak_v224_pr106_ph000_pc021_dd072_cr033_cd062_de05_rvx080_rvv077_hvx058_cvx038_hvv070_cvv043_pcv020_rvto105_nhvto001_cvto015_dvto000_ndvx007_dvv000_ndvol166_vf000,9,18,9
run1_tight_weak_v224_pr106_ph000_pc021_dd072_cr033_cd062_de05_rvx080_rvv077_hvx058_cvx038_hvv070_cvv043_pcv020_rvto105_nhvto001_cvto015_dvto000_ndvx007_dvv000_ndvol167_vf000,9,18,9
run1_tight_weak_v224_pr106_ph000_pc021_dd072_cr033_cd062_de05_rvx080_rvv077_hvx058_cvx038_hvv070_cvv043_pcv020_rvto105_nhvto001_cvto015_dvto000_ndvx007_dvv000_ndvol168_vf000,9,18,9
run1_tight_weak_v224_pr106_ph000_pc021_dd072_cr033_cd062_de05_rvx080_rvv077_hvx058_cvx038_hvv070_cvv043_pcv020_rvto105_nhvto001_cvto015_dvto000_ndvx007_dvv000_ndvol169_vf000,9,18,9
run1_tight_weak_v224_pr106_ph000_pc021_dd072_cr033_cd062_de05_rvx080_rvv077_hvx058_cvx038_hvv070_cvv043_pcv020_rvto105_nhvto001_cvto015_dvto000_ndvx007_dvv000_ndvol170_vf000,9,18,9
run1_tight_weak_v224_pr106_ph000_pc021_dd072_cr033_cd062_de05_rvx080_rvv077_hvx058_cvx038_hvv070_cvv043_pcv020_rvto105_nhvto001_cvto015_dvto000_ndvx007_dvv000_ndvol171_vf000,9,18,9
run1_tight_weak_v224_pr106_ph000_pc021_dd072_cr033_cd062_de05_rvx080_rvv077_hvx058_cvx038_hvv070_cvv043_pcv020_rvto105_nhvto001_cvto015_dvto000_ndvx007_dvv000_ndvol172_vf000,9,18,9
run1_tight_weak_v224_pr106_ph000_pc021_dd072_cr033_cd062_de05_rvx080_rvv077_hvx058_cvx038_hvv070_cvv043_pcv020_rvto105_nhvto001_cvto015_dvto000_ndvx007_dvv000_ndvol173_vf000,9,18,9
run1_tight_weak_v224_pr106_ph000_pc021_dd072_cr033_cd062_de05_rvx080_rvv077_hvx058_cvx038_hvv070_cvv043_pcv020_rvto105_nhvto001_cvto015_dvto000_ndvx007_dvv000_ndvol174_vf000,9,18,9
run1_tight_weak_v224_pr106_ph000_pc021_dd072_cr033_cd062_de05_rvx080_rvv077_hvx058_cvx038_hvv070_cvv043_pcv020_rvto105_nhvto001_cvto015_dvto000_ndvx007_dvv000_ndvol175_vf000,9,18,9
run1_tight_weak_v224_pr106_ph000_pc021_dd072_cr033_cd062_de05_rvx080_rvv077_hvx058_cvx038_hvv070_cvv043_pcv020_rvto105_nhvto001_cvto015_dvto000_ndvx007_dvv000_ndvol176_vf000,9,18,9
run1_tight_weak_v224_pr106_ph000_pc021_dd072_cr033_cd062_de05_rvx080_rvv077_hvx058_cvx038_hvv070_cvv043_pcv020_rvto105_nhvto001_cvto015_dvto000_ndvx007_dvv000_ndvol177_vf000,9,18,9
run1_tight_weak_v224_pr106_ph000_pc021_dd072_cr033_cd062_de05_rvx080_rvv077_hvx058_cvx038_hvv070_cvv043_pcv020_rvto105_nhvto001_cvto015_dvto000_ndvx007_dvv000_ndvol178_vf000,9,18,9
run1_tight_weak_v224_pr106_ph000_pc021_dd072_cr033_cd062_de05_rvx080_rvv077_hvx058_cvx038_hvv070_cvv043_pcv020_rvto105_nhvto001_cvto015_dvto000_ndvx007_dvv000_ndvol179_vf000,9,18,9
run1_tight_weak_v224_pr106_ph000_pc021_dd072_cr033_cd062_de05_rvx080_rvv077_hvx058_cvx038_hvv070_cvv043_pcv020_rvto105_nhvto001_cvto015_dvto000_ndvx007_dvv000_ndvol180_vf000,9,18,9
run1_tight_weak_v224_pr106_ph000_pc021_dd072_cr033_cd062_de05_rvx080_rvv077_hvx058_cvx038_hvv070_cvv043_pcv020_rvto105_nhvto001_cvto015_dvto000_ndvx007_dvv000_ndvol181_vf000,9,18,9
run1_tight_weak_v224_pr106_ph000_pc021_dd072_cr033_cd062_de05_rvx080_rvv077_hvx058_cvx038_hvv070_cvv043_pcv020_rvto105_nhvto001_cvto015_dvto000_ndvx007_dvv000_ndvol182_vf000,9,18,9
run1_tight_weak_v224_pr106_ph000_pc021_dd072_cr033_cd062_de05_rvx080_rvv077_hvx058_cvx038_hvv070_cvv043_pcv020_rvto105_nhvto001_cvto015_dvto000_ndvx007_dvv000_ndvol183_vf000,9,18,9
run1_tight_weak_v224_pr106_ph000_pc021_dd072_cr033_cd062_de05_rvx080_rvv077_hvx058_cvx038_hvv070_cvv043_pcv020_rvto105_nhvto001_cvto015_dvto000_ndvx007_dvv000_ndvol184_vf000,9,18,9
run1_tight_weak_v224_pr106_ph000_pc021_dd072_cr033_cd062_de05_rvx080_rvv077_hvx058_cvx038_hvv070_cvv043_pcv020_rvto105_nhvto001_cvto015_dvto000_ndvx007_dvv000_ndvol185_vf000,9,18,9
run1_tight_weak_v224_pr106_ph000_pc021_dd072_cr033_cd062_de05_rvx080_rvv077_hvx058_cvx038_hvv070_cvv043_pcv020_rvto105_nhvto001_cvto015_dvto000_ndvx007_dvv000_ndvol186_vf000,9,18,9
run1_tight_weak_v224_pr106_ph000_pc021_dd072_cr033_cd062_de05_rvx080_rvv077_hvx058_cvx038_hvv070_cvv043_pcv020_rvto105_nhvto001_cvto015_dvto000_ndvx007_dvv000_ndvol187_vf000,9,18,9
run1_tight_weak_v224_pr106_ph000_pc021_dd072_cr033_cd062_de05_rvx080_rvv077_hvx058_cvx038_hvv070_cvv043_pcv020_rvto105_nhvto001_cvto015_dvto000_ndvx007_dvv000_ndvol188_vf000,9,18,9
run1_tight_weak_v224_pr106_ph000_pc021_dd072_cr033_cd062_de05_rvx080_rvv077_hvx058_cvx038_hvv070_cvv043_pcv020_rvto105_nhvto001_cvto015_dvto000_ndvx007_dvv000_ndvol189_vf000,9,18,9
run1_tight_weak_v224_pr106_ph000_pc021_dd072_cr033_cd062_de05_rvx080_rvv077_hvx058_cvx038_hvv070_cvv043_pcv020_rvto105_nhvto001_cvto015_dvto000_ndvx007_dvv000_ndvol190_vf000,9,18,9
run1_tight_weak_v224_pr106_ph000_pc021_dd072_cr033_cd062_de05_rvx080_rvv077_hvx058_cvx038_hvv070_cvv043_pcv020_rvto105_nhvto001_cvto015_dvto000_ndvx007_dvv000_ndvol191_vf000,9,18,9
run1_tight_weak_v224_pr106_ph000_pc021_dd072_cr033_cd062_de05_rvx080_rvv077_hvx058_cvx038_hvv070_cvv043_pcv020_rvto105_nhvto001_cvto015_dvto000_ndvx007_dvv000_ndvol192_vf000,9,18,9
run1_tight_weak_v224_pr106_ph000_pc021_dd072_cr033_cd062_de05_rvx080_rvv077_hvx058_cvx038_hvv070_cvv043_pcv020_rvto105_nhvto001_cvto015_dvto000_ndvx007_dvv000_ndvol193_vf000,9,18,9
run1_tight_weak_v224_pr106_ph000_pc021_dd072_cr033_cd062_de05_rvx080_rvv077_hvx058_cvx038_hvv070_cvv043_pcv020_rvto105_nhvto001_cvto015_dvto000_ndvx007_dvv000_ndvol194_vf000,9,18,9
run1_tight_weak_v224_pr106_ph000_pc021_dd072_cr033_cd062_de05_rvx080_rvv077_hvx058_cvx038_hvv070_cvv043_pcv020_rvto105_nhvto001_cvto015_dvto000_ndvx007_dvv000_ndvol195_vf000,9,18,9
run1_tight_weak_v224_pr106_ph000_pc021_dd072_cr033_cd062_de05_rvx080_rvv077_hvx058_cvx038_hvv070_cvv043_pcv020_rvto105_nhvto001_cvto015_dvto000_ndvx007_dvv000_ndvol196_vf000,9,18,9
run1_tight_weak_v224_pr106_ph000_pc021_dd072_cr033_cd062_de05_rvx080_rvv077_hvx058_cvx038_hvv070_cvv043_pcv020_rvto105_nhvto001_cvto015_dvto000_ndvx007_dvv000_ndvol197_vf000,9,18,9
run1_tight_weak_v224_pr106_ph000_pc021_dd072_cr033_cd062_de05_rvx080_rvv077_hvx058_cvx038_hvv070_cvv043_pcv020_rvto105_nhvto001_cvto015_dvto000_ndvx007_dvv000_ndvol198_vf000,9,18,9
run1_tight_weak_v224_pr106_ph000_pc021_dd072_cr033_cd062_de05_rvx080_rvv077_hvx058_cvx038_hvv070_cvv043_pcv020_rvto105_nhvto001_cvto015_dvto000_ndvx007_dvv000_ndvol199_vf000,9,18,9
run1_tight_weak_v224_pr106_ph000_pc021_dd072_cr033_cd062_de05_rvx080_rvv077_hvx058_cvx038_hvv070_cvv043_pcv020_rvto105_nhvto001_cvto015_dvto000_ndvx007_dvv000_ndvol200_vf000,9,18,9
run1_tight_weak_v224_pr106_ph000_pc021_dd072_cr033_cd062_de05_rvx080_rvv077_hvx058_cvx038_hvv070_cvv043_pcv020_rvto105_nhvto001_cvto015_dvto000_ndvx007_dvv000_ndvol201_vf000,9,18,9
run1_tight_weak_v224_pr106_ph000_pc021_dd072_cr033_cd062_de05_rvx080_rvv077_hvx058_cvx038_hvv070_cvv043_pcv020_rvto105_nhvto001_cvto015_dvto000_ndvx007_dvv000_ndvol202_vf000,9,18,9
run1_tight_weak_v224_pr106_ph000_pc021_dd072_cr033_cd062_de05_rvx080_rvv077_hvx058_cvx038_hvv070_cvv043_pcv020_rvto105_nhvto001_cvto015_dvto000_ndvx007_dvv000_ndvol203_vf000,9,18,9
run1_tight_weak_v224_pr106_ph000_pc021_dd072_cr033_cd062_de05_rvx080_rvv077_hvx058_cvx038_hvv070_cvv043_pcv020_rvto105_nhvto001_cvto015_dvto000_ndvx007_dvv000_ndvol204_vf000,9,18,9
run1_tight_weak_v224_pr106_ph000_pc021_dd072_cr033_cd062_de05_rvx080_rvv077_hvx058_cvx038_hvv070_cvv043_pcv020_rvto105_nhvto001_cvto015_dvto000_ndvx007_dvv000_ndvol205_vf000,9,18,9
run1_tight_weak_v224_pr106_ph000_pc021_dd072_cr033_cd062_de05_rvx080_rvv077_hvx058_cvx038_hvv070_cvv043_pcv020_rvto105_nhvto001_cvto015_dvto000_ndvx007_dvv000_ndvol206_vf000,9,18,9
run1_tight_weak_v224_pr106_ph000_pc021_dd072_cr033_cd062_de05_rvx080_rvv077_hvx058_cvx038_hvv070_cvv043_pcv020_rvto105_nhvto001_cvto015_dvto000_ndvx007_dvv000_ndvol207_vf000,9,18,9
run1_tight_weak_v224_pr106_ph000_pc021_dd072_cr033_cd062_de05_rvx080_rvv077_hvx058_cvx038_hvv070_cvv043_pcv020_rvto105_nhvto001_cvto015_dvto000_ndvx007_dvv000_ndvol208_vf000,9,18,9
run1_tight_weak_v224_pr106_ph000_pc021_dd072_cr033_cd062_de05_rvx080_rvv077_hvx058_cvx038_hvv070_cvv043_pcv020_rvto105_nhvto001_cvto015_dvto000_ndvx007_dvv000_ndvol209_vf000,9,18,9
run1_tight_weak_v224_pr106_ph000_pc021_dd072_cr033_cd062_de05_rvx080_rvv077_hvx058_cvx038_hvv070_cvv043_pcv020_rvto105_nhvto001_cvto015_dvto000_ndvx007_dvv000_ndvol210_vf000,9,18,9
run1_tight_weak_v224_pr106_ph000_pc021_dd072_cr033_cd062_de05_rvx080_rvv077_hvx058_cvx038_hvv070_cvv043_pcv020_rvto105_nhvto001_cvto015_dvto000_ndvx007_dvv000_ndvol211_vf000,9,18,9
run1_tight_weak_v224_pr106_ph000_pc021_dd072_cr033_cd062_de05_rvx080_rvv077_hvx058_cvx038_hvv070_cvv043_pcv020_rvto105_nhvto001_cvto015_dvto000_ndvx007_dvv000_ndvol212_vf000,9,18,9
run1_tight_weak_v224_pr106_ph000_pc021_dd072_cr033_cd062_de05_rvx080_rvv077_hvx058_cvx038_hvv070_cvv043_pcv020_rvto105_nhvto001_cvto015_dvto000_ndvx007_dvv000_ndvol213_vf000,9,18,9
run1_tight_weak_v224_pr106_ph000_pc021_dd072_cr033_cd062_de05_rvx080_rvv077_hvx058_cvx038_hvv070_cvv043_pcv020_rvto105_nhvto001_cvto015_dvto000_ndvx007_dvv000_ndvol214_vf000,9,18,9
run1_tight_weak_v224_pr106_ph000_pc021_dd072_cr033_cd062_de05_rvx080_rvv077_hvx058_cvx038_hvv070_cvv043_pcv020_rvto105_nhvto001_cvto015_dvto000_ndvx007_dvv000_ndvol215_vf000,9,18,9
run1_tight_weak_v224_pr106_ph000_pc021_dd072_cr033_cd062_de05_rvx080_rvv077_hvx058_cvx038_hvv070_cvv043_pcv020_rvto105_nhvto001_cvto015_dvto000_ndvx007_dvv000_ndvol216_vf000,9,18,9
run1_tight_weak_v224_pr106_ph000_pc021_dd072_cr033_cd062_de05_rvx080_rvv077_hvx058_cvx038_hvv070_cvv043_pcv020_rvto105_nhvto001_cvto015_dvto000_ndvx007_dvv000_ndvol217_vf000,9,18,9
run1_tight_weak_v224_pr106_ph000_pc021_dd072_cr033_cd062_de05_rvx080_rvv077_hvx058_cvx038_hvv070_cvv043_pcv020_rvto105_nhvto001_cvto015_dvto000_ndvx007_dvv000_ndvol218_vf000,9,18,9
run1_tight_weak_v224_pr106_ph000_pc021_dd072_cr033_cd062_de05_rvx080_rvv077_hvx058_cvx038_hvv070_cvv043_pcv020_rvto105_nhvto001_cvto015_dvto000_ndvx007_dvv000_ndvol219_vf000,9,18,9
run1_tight_weak_v224_pr106_ph000_pc021_dd072_cr033_cd062_de05_rvx080_rvv077_hvx058_cvx038_hvv070_cvv043_pcv020_rvto105_nhvto001_cvto015_dvto000_ndvx007_dvv000_ndvol220_vf000,9,18,9
run1_tight_weak_v224_pr106_ph000_pc021_dd072_cr033_cd062_de05_rvx080_rvv077_hvx058_cvx038_hvv070_cvv043_pcv020_rvto105_nhvto001_cvto015_dvto000_ndvx007_dvv000_ndvol221_vf000,9,18,9
run1_tight_weak_v224_pr106_ph000_pc021_dd072_cr033_cd062_de05_rvx080_rvv077_hvx058_cvx038_hvv070_cvv043_pcv020_rvto105_nhvto001_cvto015_dvto000_ndvx007_dvv000_ndvol222_vf000,9,18,9
run1_tight_weak_v224_pr106_ph000_pc021_dd072_cr033_cd062_de05_rvx080_rvv077_hvx058_cvx038_hvv070_cvv043_pcv020_rvto105_nhvto001_cvto015_dvto000_ndvx007_dvv000_ndvol223_vf000,9,18,9
run1_tight_weak_v224_pr106_ph000_pc021_dd072_cr033_cd062_de05_rvx080_rvv077_hvx058_cvx038_hvv070_cvv043_pcv020_rvto105_nhvto001_cvto015_dvto000_ndvx007_dvv000_ndvol224_vf000,9,18,9
run1_tight_weak_v224_pr106_ph000_pc021_dd072_cr033_cd062_de05_rvx080_rvv077_hvx058_cvx038_hvv070_cvv043_pcv020_rvto105_nhvto001_cvto015_dvto000_ndvx007_dvv000_ndvol225_vf000,9,18,9
run1_tight_weak_v224_pr106_ph000_pc021_dd072_cr033_cd062_de05_rvx080_rvv077_hvx058_cvx038_hvv070_cvv043_pcv020_rvto105_nhvto001_cvto015_dvto000_ndvx007_dvv000_ndvol226_vf000,9,18,9
run1_tight_weak_v224_pr106_ph000_pc021_dd072_cr033_cd062_de05_rvx080_rvv077_hvx058_cvx038_hvv070_cvv043_pcv020_rvto105_nhvto001_cvto015_dvto000_ndvx007_dvv000_ndvol227_vf000,9,18,9
run1_tight_weak_v224_pr106_ph000_pc021_dd072_cr033_cd062_de05_rvx080_rvv077_hvx058_cvx038_hvv070_cvv043_pcv020_rvto105_nhvto001_cvto015_dvto000_ndvx007_dvv000_ndvol228_vf000,9,18,9
run1_tight_weak_v224_pr106_ph000_pc021_dd072_cr033_cd062_de05_rvx080_rvv077_hvx058_cvx038_hvv070_cvv043_pcv020_rvto105_nhvto001_cvto015_dvto000_ndvx007_dvv000_ndvol229_vf000,9,18,9
run1_tight_weak_v224_pr106_ph000_pc021_dd072_cr033_cd062_de05_rvx080_rvv077_hvx058_cvx038_hvv070_cvv043_pcv020_rvto105_nhvto001_cvto015_dvto000_ndvx007_dvv000_ndvol230_vf000,9,18,9
run1_tight_weak_v224_pr106_ph000_pc021_dd072_cr033_cd062_de05_rvx080_rvv077_hvx058_cvx038_hvv070_cvv043_pcv020_rvto105_nhvto001_cvto015_dvto000_ndvx007_dvv000_ndvol231_vf000,9,18,9
run1_tight_weak_v224_pr106_ph000_pc021_dd072_cr033_cd062_de05_rvx080_rvv077_hvx058_cvx038_hvv070_cvv043_pcv020_rvto105_nhvto001_cvto015_dvto000_ndvx007_dvv000_ndvol232_vf000,9,18,9
run1_tight_weak_v224_pr106_ph000_pc021_dd072_cr033_cd062_de05_rvx080_rvv077_hvx058_cvx038_hvv070_cvv043_pcv020_rvto105_nhvto001_cvto015_dvto000_ndvx007_dvv000_ndvol233_vf000,9,18,9
run1_tight_weak_v224_pr106_ph000_pc021_dd072_cr033_cd062_de05_rvx080_rvv077_hvx058_cvx038_hvv070_cvv043_pcv020_rvto105_nhvto001_cvto015_dvto000_ndvx007_dvv000_ndvol234_vf000,9,18,9
run1_tight_weak_v224_pr106_ph000_pc021_dd072_cr033_cd062_de05_rvx080_rvv077_hvx058_cvx038_hvv070_cvv043_pcv020_rvto105_nhvto001_cvto015_dvto000_ndvx007_dvv000_ndvol235_vf000,9,18,9
run1_tight_weak_v224_pr106_ph000_pc021_dd072_cr033_cd062_de05_rvx080_rvv077_hvx058_cvx038_hvv070_cvv043_pcv020_rvto105_nhvto001_cvto015_dvto000_ndvx007_dvv000_ndvol236_vf000,9,18,9
run1_tight_weak_v224_pr106_ph000_pc021_dd072_cr033_cd062_de05_rvx080_rvv077_hvx058_cvx038_hvv070_cvv043_pcv020_rvto105_nhvto001_cvto015_dvto000_ndvx007_dvv000_ndvol237_vf000,9,18,9
run1_tight_weak_v224_pr106_ph000_pc021_dd072_cr033_cd062_de05_rvx080_rvv077_hvx058_cvx038_hvv070_cvv043_pcv020_rvto105_nhvto001_cvto015_dvto000_ndvx007_dvv000_ndvol238_vf000,9,18,9
run1_tight_weak_v224_pr106_ph000_pc021_dd072_cr033_cd062_de05_rvx080_rvv077_hvx058_cvx038_hvv070_cvv043_pcv020_rvto105_nhvto001_cvto015_dvto000_ndvx007_dvv000_ndvol239_vf000,9,18,9
run1_tight_weak_v224_pr106_ph000_pc021_dd072_cr033_cd062_de05_rvx080_rvv077_hvx058_cvx038_hvv070_cvv043_pcv020_rvto105_nhvto001_cvto015_dvto000_ndvx007_dvv000_ndvol240_vf000,9,18,9
run1_tight_weak_v224_pr106_ph000_pc021_dd072_cr033_cd062_de05_rvx080_rvv077_hvx058_cvx038_hvv070_cvv043_pcv020_rvto105_nhvto001_cvto015_dvto000_ndvx007_dvv000_ndvol241_vf000,9,18,9
run1_tight_weak_v224_pr106_ph000_pc021_dd072_cr033_cd062_de05_rvx080_rvv077_hvx058_cvx038_hvv070_cvv043_pcv020_rvto105_nhvto001_cvto015_dvto000_ndvx007_dvv000_ndvol242_vf000,9,18,9
run1_tight_weak_v224_pr106_ph000_pc021_dd072_cr033_cd062_de05_rvx080_rvv077_hvx058_cvx038_hvv070_cvv043_pcv020_rvto105_nhvto001_cvto015_dvto000_ndvx007_dvv000_ndvol243_vf000,9,18,9
run1_tight_weak_v224_pr106_ph000_pc021_dd072_cr033_cd062_de05_rvx080_rvv077_hvx058_cvx038_hvv070_cvv043_pcv020_rvto105_nhvto001_cvto015_dvto000_ndvx007_dvv000_ndvol244_vf000,9,18,9
run1_tight_weak_v224_pr106_ph000_pc021_dd072_cr033_cd062_de05_rvx080_rvv077_hvx058_cvx038_hvv070_cvv043_pcv020_rvto105_nhvto001_cvto015_dvto000_ndvx007_dvv000_ndvol245_vf000,9,18,9
run1_tight_weak_v224_pr106_ph000_pc021_dd072_cr033_cd062_de05_rvx080_rvv077_hvx058_cvx038_hvv070_cvv043_pcv020_rvto105_nhvto001_cvto015_dvto000_ndvx007_dvv000_ndvol246_vf000,9,18,9
run1_tight_weak_v224_pr106_ph000_pc021_dd072_cr033_cd062_de05_rvx080_rvv077_hvx058_cvx038_hvv070_cvv043_pcv020_rvto105_nhvto001_cvto015_dvto000_ndvx007_dvv000_ndvol247_vf000,9,18,9
run1_tight_weak_v224_pr106_ph000_pc021_dd072_cr033_cd062_de05_rvx080_rvv077_hvx058_cvx038_hvv070_cvv043_pcv020_rvto105_nhvto001_cvto015_dvto000_ndvx007_dvv000_ndvol248_vf000,9,18,9
run1_tight_weak_v224_pr106_ph000_pc021_dd072_cr033_cd062_de05_rvx080_rvv077_hvx058_cvx038_hvv070_cvv043_pcv020_rvto105_nhvto001_cvto015_dvto000_ndvx007_dvv000_ndvol249_vf000,9,18,9
run1_tight_weak_v224_pr106_ph000_pc021_dd072_cr033_cd062_de05_rvx080_rvv077_hvx058_cvx038_hvv070_cvv043_pcv020_rvto105_nhvto001_cvto015_dvto000_ndvx007_dvv000_ndvol250_vf000,9,18,9
run1_tight_weak_v224_pr106_ph000_pc021_dd072_cr033_cd062_de05_rvx080_rvv077_hvx058_cvx038_hvv070_cvv043_pcv020_rvto105_nhvto001_cvto015_dvto000_ndvx007_dvv000_ndvol251_vf000,9,18,9
run1_tight_weak_v224_pr106_ph000_pc021_dd072_cr033_cd062_de05_rvx080_rvv077_hvx058_cvx038_hvv070_cvv043_pcv020_rvto105_nhvto001_cvto015_dvto000_ndvx007_dvv000_ndvol252_vf000,9,18,9
run1_tight_weak_v224_pr106_ph000_pc021_dd072_cr033_cd062_de05_rvx080_rvv077_hvx058_cvx038_hvv070_cvv043_pcv020_rvto105_nhvto001_cvto015_dvto000_ndvx007_dvv000_ndvol253_vf000,9,18,9
run1_tight_weak_v224_pr106_ph000_pc021_dd072_cr033_cd062_de05_rvx080_rvv077_hvx058_cvx038_hvv070_cvv043_pcv020_rvto105_nhvto001_cvto015_dvto000_ndvx007_dvv000_ndvol254_vf000,9,18,9
run1_tight_weak_v224_pr106_ph000_pc021_dd072_cr033_cd062_de05_rvx080_rvv077_hvx058_cvx038_hvv070_cvv043_pcv020_rvto105_nhvto001_cvto015_dvto000_ndvx007_dvv000_ndvol255_vf000,9,18,9
run1_tight_weak_v224_pr106_ph000_pc021_dd072_cr033_cd062_de05_rvx080_rvv077_hvx058_cvx038_hvv070_cvv043_pcv020_rvto105_nhvto001_cvto015_dvto000_ndvx007_dvv000_ndvol256_vf000,9,18,9
run1_tight_weak_v224_pr106_ph000_pc021_dd072_cr033_cd062_de05_rvx080_rvv077_hvx058_cvx038_hvv070_cvv043_pcv020_rvto105_nhvto001_cvto015_dvto000_ndvx007_dvv000_ndvol257_vf000,9,18,9
run1_tight_weak_v224_pr106_ph000_pc021_dd072_cr033_cd062_de05_rvx080_rvv077_hvx058_cvx038_hvv070_cvv043_pcv020_rvto105_nhvto001_cvto015_dvto000_ndvx007_dvv000_ndvol258_vf000,9,18,9
run1_tight_weak_v224_pr106_ph000_pc021_dd072_cr033_cd062_de05_rvx080_rvv077_hvx058_cvx038_hvv070_cvv043_pcv020_rvto105_nhvto001_cvto015_dvto000_ndvx007_dvv000_ndvol259_vf000,9,18,9
run1_tight_weak_v224_pr106_ph000_pc021_dd072_cr033_cd062_de05_rvx080_rvv077_hvx058_cvx038_hvv070_cvv043_pcv020_rvto105_nhvto001_cvto015_dvto000_ndvx007_dvv000_ndvol260_vf000,9,18,9
run1_tight_weak_v224_pr106_ph000_pc021_dd072_cr033_cd062_de05_rvx080_rvv077_hvx058_cvx038_hvv070_cvv043_pcv020_rvto105_nhvto001_cvto015_dvto000_ndvx007_dvv000_ndvol261_vf000,9,18,9
run1_tight_weak_v224_pr106_ph000_pc021_dd072_cr033_cd062_de05_rvx080_rvv077_hvx058_cvx038_hvv070_cvv043_pcv020_rvto105_nhvto001_cvto015_dvto000_ndvx007_dvv000_ndvol262_vf000,9,18,9
run1_tight_weak_v224_pr106_ph000_pc021_dd072_cr033_cd062_de05_rvx080_rvv077_hvx058_cvx038_hvv070_cvv043_pcv020_rvto105_nhvto001_cvto015_dvto000_ndvx007_dvv000_ndvol263_vf000,9,18,9
run1_tight_weak_v224_pr106_ph000_pc021_dd072_cr033_cd062_de05_rvx080_rvv077_hvx058_cvx038_hvv070_cvv043_pcv020_rvto105_nhvto001_cvto015_dvto000_ndvx007_dvv000_ndvol264_vf000,9,18,9
run1_tight_weak_v224_pr106_ph000_pc021_dd072_cr033_cd062_de05_rvx080_rvv077_hvx058_cvx038_hvv070_cvv043_pcv020_rvto105_nhvto001_cvto015_dvto000_ndvx007_dvv000_ndvol265_vf000,9,18,9
run1_tight_weak_v224_pr106_ph000_pc021_dd072_cr033_cd062_de05_rvx080_rvv077_hvx058_cvx038_hvv070_cvv043_pcv020_rvto105_nhvto001_cvto015_dvto000_ndvx007_dvv000_ndvol266_vf000,9,18,9
run1_tight_weak_v224_pr106_ph000_pc021_dd072_cr033_cd062_de05_rvx080_rvv077_hvx058_cvx038_hvv070_cvv043_pcv020_rvto105_nhvto001_cvto015_dvto000_ndvx007_dvv000_ndvol267_vf000,9,18,9
run1_tight_weak_v224_pr106_ph000_pc021_dd072_cr033_cd062_de05_rvx080_rvv077_hvx058_cvx038_hvv070_cvv043_pcv020_rvto105_nhvto001_cvto015_dvto000_ndvx007_dvv000_ndvol268_vf000,9,18,9
run1_tight_weak_v224_pr106_ph000_pc021_dd072_cr033_cd062_de05_rvx080_rvv077_hvx058_cvx038_hvv070_cvv043_pcv020_rvto105_nhvto001_cvto015_dvto000_ndvx007_dvv000_ndvol269_vf000,9,18,9
run1_tight_weak_v224_pr106_ph000_pc021_dd072_cr033_cd062_de05_rvx080_rvv077_hvx058_cvx038_hvv070_cvv043_pcv020_rvto105_nhvto001_cvto015_dvto000_ndvx007_dvv000_ndvol270_vf000,9,18,9
run1_tight_weak_v224_pr106_ph000_pc021_dd072_cr033_cd062_de05_rvx080_rvv077_hvx058_cvx038_hvv070_cvv043_pcv020_rvto105_nhvto001_cvto015_dvto000_ndvx007_dvv000_ndvol271_vf000,9,18,9
run1_tight_weak_v224_pr106_ph000_pc021_dd072_cr033_cd062_de05_rvx080_rvv077_hvx058_cvx038_hvv070_cvv043_pcv020_rvto105_nhvto001_cvto015_dvto000_ndvx007_dvv000_ndvol272_vf000,9,18,9
run1_tight_weak_v224_pr106_ph000_pc021_dd072_cr033_cd062_de05_rvx080_rvv077_hvx058_cvx038_hvv070_cvv043_pcv020_rvto105_nhvto001_cvto015_dvto000_ndvx007_dvv000_ndvol273_vf000,9,18,9
run1_tight_weak_v224_pr106_ph000_pc021_dd072_cr033_cd062_de05_rvx080_rvv077_hvx058_cvx038_hvv070_cvv043_pcv020_rvto105_nhvto001_cvto015_dvto000_ndvx007_dvv000_ndvol274_vf000,9,18,9
run1_tight_weak_v224_pr106_ph000_pc021_dd072_cr033_cd062_de05_rvx080_rvv077_hvx058_cvx038_hvv070_cvv043_pcv020_rvto105_nhvto001_cvto015_dvto000_ndvx007_dvv000_ndvol275_vf000,9,18,9
run1_tight_weak_v224_pr106_ph000_pc021_dd072_cr033_cd062_de05_rvx080_rvv077_hvx058_cvx038_hvv070_cvv043_pcv020_rvto105_nhvto001_cvto015_dvto000_ndvx007_dvv000_ndvol276_vf000,9,18,9
run1_tight_weak_v224_pr106_ph000_pc021_dd072_cr033_cd062_de05_rvx080_rvv077_hvx058_cvx038_hvv070_cvv043_pcv020_rvto105_nhvto001_cvto015_dvto000_ndvx007_dvv000_ndvol277_vf000,9,18,9
run1_tight_weak_v224_pr106_ph000_pc021_dd072_cr033_cd062_de05_rvx080_rvv077_hvx058_cvx038_hvv070_cvv043_pcv020_rvto105_nhvto001_cvto015_dvto000_ndvx007_dvv000_ndvol278_vf000,9,18,9
run1_tight_weak_v224_pr106_ph000_pc021_dd072_cr033_cd062_de05_rvx080_rvv077_hvx058_cvx038_hvv070_cvv043_pcv020_rvto105_nhvto001_cvto015_dvto000_ndvx007_dvv000_ndvol279_vf000,9,18,9
run1_tight_weak_v224_pr106_ph000_pc021_dd072_cr033_cd062_de05_rvx080_rvv077_hvx058_cvx038_hvv070_cvv043_pcv020_rvto105_nhvto001_cvto015_dvto000_ndvx007_dvv000_ndvol280_vf000,9,18,9
run1_tight_weak_v224_pr106_ph000_pc021_dd072_cr033_cd062_de05_rvx080_rvv077_hvx058_cvx038_hvv070_cvv043_pcv020_rvto105_nhvto001_cvto015_dvto000_ndvx007_dvv000_ndvol281_vf000,9,18,9
run1_tight_weak_v224_pr106_ph000_pc021_dd072_cr033_cd062_de05_rvx080_rvv077_hvx058_cvx038_hvv070_cvv043_pcv020_rvto105_nhvto001_cvto015_dvto000_ndvx007_dvv000_ndvol282_vf000,9,18,9
run1_tight_weak_v224_pr106_ph000_pc021_dd072_cr033_cd062_de05_rvx080_rvv077_hvx058_cvx038_hvv070_cvv043_pcv020_rvto105_nhvto001_cvto015_dvto000_ndvx007_dvv000_ndvol283_vf000,9,18,9
run1_tight_weak_v224_pr106_ph000_pc021_dd072_cr033_cd062_de05_rvx080_rvv077_hvx058_cvx038_hvv070_cvv043_pcv020_rvto105_nhvto001_cvto015_dvto000_ndvx007_dvv000_ndvol284_vf000,9,18,9
run1_tight_weak_v224_pr106_ph000_pc021_dd072_cr033_cd062_de05_rvx080_rvv077_hvx058_cvx038_hvv070_cvv043_pcv020_rvto105_nhvto001_cvto015_dvto000_ndvx007_dvv000_ndvol285_vf000,9,18,9
run1_tight_weak_v224_pr106_ph000_pc021_dd072_cr033_cd062_de05_rvx080_rvv077_hvx058_cvx038_hvv070_cvv043_pcv020_rvto105_nhvto001_cvto015_dvto000_ndvx007_dvv000_ndvol286_vf000,9,18,9
run1_tight_weak_v224_pr106_ph000_pc021_dd072_cr033_cd062_de05_rvx080_rvv077_hvx058_cvx038_hvv070_cvv043_pcv020_rvto105_nhvto001_cvto015_dvto000_ndvx007_dvv000_ndvol287_vf000,9,18,9
run1_tight_weak_v224_pr106_ph000_pc021_dd072_cr033_cd062_de05_rvx080_rvv077_hvx058_cvx038_hvv070_cvv043_pcv020_rvto105_nhvto001_cvto015_dvto000_ndvx007_dvv000_ndvol288_vf000,9,18,9
run1_tight_weak_v224_pr106_ph000_pc021_dd072_cr033_cd062_de05_rvx080_rvv077_hvx058_cvx038_hvv070_cvv043_pcv020_rvto105_nhvto001_cvto015_dvto000_ndvx007_dvv000_ndvol289_vf000,9,18,9
run1_tight_weak_v224_pr106_ph000_pc021_dd072_cr033_cd062_de05_rvx080_rvv077_hvx058_cvx038_hvv070_cvv043_pcv020_rvto105_nhvto001_cvto015_dvto000_ndvx007_dvv000_ndvol290_vf000,9,18,9
run1_tight_weak_v224_pr106_ph000_pc021_dd072_cr033_cd062_de05_rvx080_rvv077_hvx058_cvx038_hvv070_cvv043_pcv020_rvto105_nhvto001_cvto015_dvto000_ndvx007_dvv000_ndvol291_vf000,9,18,9
run1_tight_weak_v224_pr106_ph000_pc021_dd072_cr033_cd062_de05_rvx080_rvv077_hvx058_cvx038_hvv070_cvv043_pcv020_rvto105_nhvto001_cvto015_dvto000_ndvx007_dvv000_ndvol292_vf000,9,18,9
run1_tight_weak_v224_pr106_ph000_pc021_dd072_cr033_cd062_de05_rvx080_rvv077_hvx058_cvx038_hvv070_cvv043_pcv020_rvto105_nhvto001_cvto015_dvto000_ndvx007_dvv000_ndvol293_vf000,9,18,9
run1_tight_weak_v224_pr106_ph000_pc021_dd072_cr033_cd062_de05_rvx080_rvv077_hvx058_cvx038_hvv070_cvv043_pcv020_rvto105_nhvto001_cvto015_dvto000_ndvx007_dvv000_ndvol294_vf000,9,18,9
run1_tight_weak_v224_pr106_ph000_pc021_dd072_cr033_cd062_de05_rvx080_rvv077_hvx058_cvx038_hvv070_cvv043_pcv020_rvto105_nhvto001_cvto015_dvto000_ndvx007_dvv000_ndvol295_vf000,9,18,9
run1_tight_weak_v224_pr106_ph000_pc021_dd072_cr033_cd062_de05_rvx080_rvv077_hvx058_cvx038_hvv070_cvv043_pcv020_rvto105_nhvto001_cvto015_dvto000_ndvx007_dvv000_ndvol296_vf000,9,18,9
run1_tight_weak_v224_pr106_ph000_pc021_dd072_cr033_cd062_de05_rvx080_rvv077_hvx058_cvx038_hvv070_cvv043_pcv020_rvto105_nhvto001_cvto015_dvto000_ndvx007_dvv000_ndvol297_vf000,9,18,9
run1_tight_weak_v224_pr106_ph000_pc021_dd072_cr033_cd062_de05_rvx080_rvv077_hvx058_cvx038_hvv070_cvv043_pcv020_rvto105_nhvto001_cvto015_dvto000_ndvx007_dvv000_ndvol298_vf000,9,18,9
run1_tight_weak_v224_pr106_ph000_pc021_dd072_cr033_cd062_de05_rvx080_rvv077_hvx058_cvx038_hvv070_cvv043_pcv020_rvto105_nhvto001_cvto015_dvto000_ndvx007_dvv000_ndvol299_vf000,9,18,9
run1_tight_weak_v224_pr106_ph000_pc021_dd072_cr033_cd062_de05_rvx080_rvv077_hvx058_cvx038_hvv070_cvv043_pcv020_rvto105_nhvto001_cvto015_dvto000_ndvx007_dvv000_ndvol300_vf000,9,18,9
run1_tight_weak_v224_pr106_ph000_pc021_dd072_cr033_cd062_de05_rvx080_rvv077_hvx058_cvx038_hvv070_cvv043_pcv020_rvto105_nhvto001_cvto015_dvto000_ndvx007_dvv000_ndvol301_vf000,9,18,9
run1_tight_weak_v224_pr106_ph000_pc021_dd072_cr033_cd062_de05_rvx080_rvv077_hvx058_cvx038_hvv070_cvv043_pcv020_rvto105_nhvto001_cvto015_dvto000_ndvx007_dvv000_ndvol302_vf000,9,18,9
run1_tight_weak_v224_pr106_ph000_pc021_dd072_cr033_cd062_de05_rvx080_rvv077_hvx058_cvx038_hvv070_cvv043_pcv020_rvto105_nhvto001_cvto015_dvto000_ndvx007_dvv000_ndvol303_vf000,9,18,9
run1_tight_weak_v224_pr106_ph000_pc021_dd072_cr033_cd062_de05_rvx080_rvv077_hvx058_cvx038_hvv070_cvv043_pcv020_rvto105_nhvto001_cvto015_dvto000_ndvx007_dvv000_ndvol304_vf000,9,18,9
run1_tight_weak_v224_pr106_ph000_pc021_dd072_cr033_cd062_de05_rvx080_rvv077_hvx058_cvx038_hvv070_cvv043_pcv020_rvto105_nhvto001_cvto015_dvto000_ndvx007_dvv000_ndvol305_vf000,9,18,9
run1_tight_weak_v224_pr106_ph000_pc021_dd072_cr033_cd062_de05_rvx080_rvv077_hvx058_cvx038_hvv070_cvv043_pcv020_rvto105_nhvto001_cvto015_dvto000_ndvx007_dvv000_ndvol306_vf000,9,18,9
run1_tight_weak_v224_pr106_ph000_pc021_dd072_cr033_cd062_de05_rvx080_rvv077_hvx058_cvx038_hvv070_cvv043_pcv020_rvto105_nhvto001_cvto015_dvto000_ndvx007_dvv000_ndvol307_vf000,9,18,9
run1_tight_weak_v224_pr106_ph000_pc021_dd072_cr033_cd062_de05_rvx080_rvv077_hvx058_cvx038_hvv070_cvv043_pcv020_rvto105_nhvto001_cvto015_dvto000_ndvx007_dvv000_ndvol308_vf000,9,18,9
run1_tight_weak_v224_pr106_ph000_pc021_dd072_cr033_cd062_de05_rvx080_rvv077_hvx058_cvx038_hvv070_cvv043_pcv020_rvto105_nhvto001_cvto015_dvto000_ndvx007_dvv000_ndvol309_vf000,9,18,9
run1_tight_weak_v224_pr106_ph000_pc021_dd072_cr033_cd062_de05_rvx080_rvv077_hvx058_cvx038_hvv070_cvv043_pcv020_rvto105_nhvto001_cvto015_dvto000_ndvx007_dvv000_ndvol310_vf000,9,18,9
run1_tight_weak_v224_pr106_ph000_pc021_dd072_cr033_cd062_de05_rvx080_rvv077_hvx058_cvx038_hvv070_cvv043_pcv020_rvto105_nhvto001_cvto015_dvto000_ndvx007_dvv000_ndvol311_vf000,9,18,9
run1_tight_weak_v224_pr106_ph000_pc021_dd072_cr033_cd062_de05_rvx080_rvv077_hvx058_cvx038_hvv070_cvv043_pcv020_rvto105_nhvto001_cvto015_dvto000_ndvx007_dvv000_ndvol312_vf000,9,18,9
run1_tight_weak_v224_pr106_ph000_pc021_dd072_cr033_cd062_de05_rvx080_rvv077_hvx058_cvx038_hvv070_cvv043_pcv020_rvto105_nhvto001_cvto015_dvto000_ndvx007_dvv000_ndvol313_vf000,9,18,9
run1_tight_weak_v224_pr106_ph000_pc021_dd072_cr033_cd062_de05_rvx080_rvv077_hvx058_cvx038_hvv070_cvv043_pcv020_rvto105_nhvto001_cvto015_dvto000_ndvx007_dvv000_ndvol314_vf000,9,18,9
run1_tight_weak_v224_pr106_ph000_pc021_dd072_cr033_cd062_de05_rvx080_rvv077_hvx058_cvx038_hvv070_cvv043_pcv020_rvto105_nhvto001_cvto015_dvto000_ndvx007_dvv000_ndvol315_vf000,9,18,9
run1_tight_weak_v224_pr106_ph000_pc021_dd072_cr033_cd062_de05_rvx080_rvv077_hvx058_cvx038_hvv070_cvv043_pcv020_rvto105_nhvto001_cvto015_dvto000_ndvx007_dvv000_ndvol316_vf000,9,18,9
run1_tight_weak_v224_pr106_ph000_pc021_dd072_cr033_cd062_de05_rvx080_rvv077_hvx058_cvx038_hvv070_cvv043_pcv020_rvto105_nhvto001_cvto015_dvto000_ndvx007_dvv000_ndvol317_vf000,9,18,9
run1_tight_weak_v224_pr106_ph000_pc021_dd072_cr033_cd062_de05_rvx080_rvv077_hvx058_cvx038_hvv070_cvv043_pcv020_rvto105_nhvto001_cvto015_dvto000_ndvx007_dvv000_ndvol318_vf000,9,18,9
run1_tight_weak_v224_pr106_ph000_pc021_dd072_cr033_cd062_de05_rvx080_rvv077_hvx058_cvx038_hvv070_cvv043_pcv020_rvto105_nhvto001_cvto015_dvto000_ndvx007_dvv000_ndvol319_vf000,9,18,9
run1_tight_weak_v224_pr106_ph000_pc021_dd072_cr033_cd062_de05_rvx080_rvv077_hvx058_cvx038_hvv070_cvv043_pcv020_rvto105_nhvto001_cvto015_dvto000_ndvx007_dvv000_ndvol320_vf000,9,18,9
run1_tight_weak_v224_pr106_ph000_pc021_dd072_cr033_cd062_de05_rvx080_rvv077_hvx058_cvx038_hvv070_cvv043_pcv020_rvto105_nhvto001_cvto015_dvto000_ndvx007_dvv000_ndvol321_vf000,9,18,9
run1_tight_weak_v224_pr106_ph000_pc021_dd072_cr033_cd062_de05_rvx080_rvv077_hvx058_cvx038_hvv070_cvv043_pcv020_rvto105_nhvto001_cvto015_dvto000_ndvx007_dvv000_ndvol322_vf000,9,18,9
run1_tight_weak_v224_pr106_ph000_pc021_dd072_cr033_cd062_de05_rvx080_rvv077_hvx058_cvx038_hvv070_cvv043_pcv020_rvto105_nhvto001_cvto015_dvto000_ndvx007_dvv000_ndvol323_vf000,9,18,9
run1_tight_weak_v224_pr106_ph000_pc021_dd072_cr033_cd062_de05_rvx080_rvv077_hvx058_cvx038_hvv070_cvv043_pcv020_rvto105_nhvto001_cvto015_dvto000_ndvx007_dvv000_ndvol324_vf000,9,18,9
run1_tight_weak_v224_pr106_ph000_pc021_dd072_cr033_cd062_de05_rvx080_rvv077_hvx058_cvx038_hvv070_cvv043_pcv020_rvto105_nhvto001_cvto015_dvto000_ndvx007_dvv000_ndvol325_vf000,9,18,9
run1_tight_weak_v224_pr106_ph000_pc021_dd072_cr033_cd062_de05_rvx080_rvv077_hvx058_cvx038_hvv070_cvv043_pcv020_rvto105_nhvto001_cvto015_dvto000_ndvx007_dvv000_ndvol326_vf000,9,18,9
run1_tight_weak_v224_pr106_ph000_pc021_dd072_cr033_cd062_de05_rvx080_rvv077_hvx058_cvx038_hvv070_cvv043_pcv020_rvto105_nhvto001_cvto015_dvto000_ndvx007_dvv000_ndvol327_vf000,9,18,9
run1_tight_weak_v224_pr106_ph000_pc021_dd072_cr033_cd062_de05_rvx080_rvv077_hvx058_cvx038_hvv070_cvv043_pcv020_rvto105_nhvto001_cvto015_dvto000_ndvx007_dvv000_ndvol328_vf000,9,18,9
run1_tight_weak_v224_pr106_ph000_pc021_dd072_cr033_cd062_de05_rvx080_rvv077_hvx058_cvx038_hvv070_cvv043_pcv020_rvto105_nhvto001_cvto015_dvto000_ndvx007_dvv000_ndvol329_vf000,9,18,9
run1_tight_weak_v224_pr106_ph000_pc021_dd072_cr033_cd062_de05_rvx080_rvv077_hvx058_cvx038_hvv070_cvv043_pcv020_rvto105_nhvto001_cvto015_dvto000_ndvx007_dvv000_ndvol330_vf000,9,18,9
run1_tight_weak_v224_pr106_ph000_pc021_dd072_cr033_cd062_de05_rvx080_rvv077_hvx058_cvx038_hvv070_cvv043_pcv020_rvto105_nhvto001_cvto015_dvto000_ndvx007_dvv000_ndvol331_vf000,9,18,9
run1_tight_weak_v224_pr106_ph000_pc021_dd072_cr033_cd062_de05_rvx080_rvv077_hvx058_cvx038_hvv070_cvv043_pcv020_rvto105_nhvto001_cvto015_dvto000_ndvx007_dvv000_ndvol332_vf000,9,18,9
run1_tight_weak_v224_pr106_ph000_pc021_dd072_cr033_cd062_de05_rvx080_rvv077_hvx058_cvx038_hvv070_cvv043_pcv020_rvto105_nhvto001_cvto015_dvto000_ndvx007_dvv000_ndvol333_vf000,9,18,9
run1_tight_weak_v224_pr106_ph000_pc021_dd072_cr033_cd062_de05_rvx080_rvv077_hvx058_cvx038_hvv070_cvv043_pcv020_rvto105_nhvto001_cvto015_dvto000_ndvx007_dvv000_ndvol334_vf000,9,18,9
run1_tight_weak_v224_pr106_ph000_pc021_dd072_cr033_cd062_de05_rvx080_rvv077_hvx058_cvx038_hvv070_cvv043_pcv020_rvto105_nhvto001_cvto015_dvto000_ndvx007_dvv000_ndvol335_vf000,9,18,9
run1_tight_weak_v224_pr106_ph000_pc021_dd072_cr033_cd062_de05_rvx080_rvv077_hvx058_cvx038_hvv070_cvv043_pcv020_rvto105_nhvto001_cvto015_dvto000_ndvx007_dvv000_ndvol336_vf000,9,18,9
run1_tight_weak_v224_pr106_ph000_pc021_dd072_cr033_cd062_de05_rvx080_rvv077_hvx058_cvx038_hvv070_cvv043_pcv020_rvto105_nhvto001_cvto015_dvto000_ndvx007_dvv000_ndvol337_vf000,9,18,9
run1_tight_weak_v224_pr106_ph000_pc021_dd072_cr033_cd062_de05_rvx080_rvv077_hvx058_cvx038_hvv070_cvv043_pcv020_rvto105_nhvto001_cvto015_dvto000_ndvx007_dvv000_ndvol338_vf000,9,18,9
run1_tight_weak_v224_pr106_ph000_pc021_dd072_cr033_cd062_de05_rvx080_rvv077_hvx058_cvx038_hvv070_cvv043_pcv020_rvto105_nhvto001_cvto015_dvto000_ndvx007_dvv000_ndvol339_vf000,9,18,9
run1_tight_weak_v224_pr106_ph000_pc021_dd072_cr033_cd062_de05_rvx080_rvv077_hvx058_cvx038_hvv070_cvv043_pcv020_rvto105_nhvto001_cvto015_dvto000_ndvx007_dvv000_ndvol340_vf000,9,18,9
run1_tight_weak_v224_pr106_ph000_pc021_dd072_cr033_cd062_de05_rvx080_rvv077_hvx058_cvx038_hvv070_cvv043_pcv020_rvto105_nhvto001_cvto015_dvto000_ndvx007_dvv000_ndvol341_vf000,9,18,9
run1_tight_weak_v224_pr106_ph000_pc021_dd072_cr033_cd062_de05_rvx080_rvv077_hvx058_cvx038_hvv070_cvv043_pcv020_rvto105_nhvto001_cvto015_dvto000_ndvx007_dvv000_ndvol342_vf000,9,18,9
run1_tight_weak_v224_pr106_ph000_pc021_dd072_cr033_cd062_de05_rvx080_rvv077_hvx058_cvx038_hvv070_cvv043_pcv020_rvto105_nhvto001_cvto015_dvto000_ndvx007_dvv000_ndvol343_vf000,9,18,9
run1_tight_weak_v224_pr106_ph000_pc021_dd072_cr033_cd062_de05_rvx080_rvv077_hvx058_cvx038_hvv070_cvv043_pcv020_rvto105_nhvto001_cvto015_dvto000_ndvx007_dvv000_ndvol344_vf000,9,18,9
run1_tight_weak_v224_pr106_ph000_pc021_dd072_cr033_cd062_de05_rvx080_rvv077_hvx058_cvx038_hvv070_cvv043_pcv020_rvto105_nhvto001_cvto015_dvto000_ndvx007_dvv000_ndvol345_vf000,9,18,9
run1_tight_weak_v224_pr106_ph000_pc021_dd072_cr033_cd062_de05_rvx080_rvv077_hvx058_cvx038_hvv070_cvv043_pcv020_rvto105_nhvto001_cvto015_dvto000_ndvx007_dvv000_ndvol346_vf000,9,18,9
run1_tight_weak_v224_pr106_ph000_pc021_dd072_cr033_cd062_de05_rvx080_rvv077_hvx058_cvx038_hvv070_cvv043_pcv020_rvto105_nhvto001_cvto015_dvto000_ndvx007_dvv000_ndvol347_vf000,9,18,9
run1_tight_weak_v224_pr106_ph000_pc021_dd072_cr033_cd062_de05_rvx080_rvv077_hvx058_cvx038_hvv070_cvv043_pcv020_rvto105_nhvto001_cvto015_dvto000_ndvx007_dvv000_ndvol348_vf000,9,18,9
run1_tight_weak_v224_pr106_ph000_pc021_dd072_cr033_cd062_de05_rvx080_rvv077_hvx058_cvx038_hvv070_cvv043_pcv020_rvto105_nhvto001_cvto015_dvto000_ndvx007_dvv000_ndvol349_vf000,9,18,9
run1_tight_weak_v224_pr106_ph000_pc021_dd072_cr033_cd062_de05_rvx080_rvv077_hvx058_cvx038_hvv070_cvv043_pcv020_rvto105_nhvto001_cvto015_dvto000_ndvx007_dvv000_ndvol350_vf000,9,18,9
run1_tight_weak_v224_pr106_ph000_pc021_dd072_cr033_cd062_de05_rvx080_rvv077_hvx058_cvx038_hvv070_cvv043_pcv020_rvto105_nhvto001_cvto015_dvto000_ndvx007_dvv000_ndvol351_vf000,9,18,9
run1_tight_weak_v224_pr106_ph000_pc021_dd072_cr033_cd062_de05_rvx080_rvv077_hvx058_cvx038_hvv070_cvv043_pcv020_rvto105_nhvto001_cvto015_dvto000_ndvx007_dvv000_ndvol352_vf000,9,18,9
run1_tight_weak_v224_pr106_ph000_pc021_dd072_cr033_cd062_de05_rvx080_rvv077_hvx058_cvx038_hvv070_cvv043_pcv020_rvto105_nhvto001_cvto015_dvto000_ndvx007_dvv000_ndvol353_vf000,9,18,9
run1_tight_weak_v224_pr106_ph000_pc021_dd072_cr033_cd062_de05_rvx080_rvv077_hvx058_cvx038_hvv070_cvv043_pcv020_rvto105_nhvto001_cvto015_dvto000_ndvx007_dvv000_ndvol354_vf000,9,18,9
run1_tight_weak_v224_pr106_ph000_pc021_dd072_cr033_cd062_de05_rvx080_rvv077_hvx058_cvx038_hvv070_cvv043_pcv020_rvto105_nhvto001_cvto015_dvto000_ndvx007_dvv000_ndvol355_vf000,9,18,9
run1_tight_weak_v224_pr106_ph000_pc021_dd072_cr033_cd062_de05_rvx080_rvv077_hvx058_cvx038_hvv070_cvv043_pcv020_rvto105_nhvto001_cvto015_dvto000_ndvx007_dvv000_ndvol356_vf000,9,18,9
run1_tight_weak_v224_pr106_ph000_pc021_dd072_cr033_cd062_de05_rvx080_rvv077_hvx058_cvx038_hvv070_cvv043_pcv020_rvto105_nhvto001_cvto015_dvto000_ndvx007_dvv000_ndvol357_vf000,9,18,9
run1_tight_weak_v224_pr106_ph000_pc021_dd072_cr033_cd062_de05_rvx080_rvv077_hvx058_cvx038_hvv070_cvv043_pcv020_rvto105_nhvto001_cvto015_dvto000_ndvx007_dvv000_ndvol358_vf000,9,18,9
run1_tight_weak_v224_pr106_ph000_pc021_dd072_cr033_cd062_de05_rvx080_rvv077_hvx058_cvx038_hvv070_cvv043_pcv020_rvto105_nhvto001_cvto015_dvto000_ndvx007_dvv000_ndvol359_vf000,9,18,9
run1_tight_weak_v224_pr106_ph000_pc021_dd072_cr033_cd062_de05_rvx080_rvv077_hvx058_cvx038_hvv070_cvv043_pcv020_rvto105_nhvto001_cvto015_dvto000_ndvx007_dvv000_ndvol360_vf000,9,18,9
run1_tight_weak_v224_pr106_ph000_pc021_dd072_cr033_cd062_de05_rvx080_rvv077_hvx058_cvx038_hvv070_cvv043_pcv020_rvto105_nhvto001_cvto015_dvto000_ndvx007_dvv000_ndvol361_vf000,9,18,9
run1_tight_weak_v224_pr106_ph000_pc021_dd072_cr033_cd062_de05_rvx080_rvv077_hvx058_cvx038_hvv070_cvv043_pcv020_rvto105_nhvto001_cvto015_dvto000_ndvx007_dvv000_ndvol362_vf000,9,18,9
run1_tight_weak_v224_pr106_ph000_pc021_dd072_cr033_cd062_de05_rvx080_rvv077_hvx058_cvx038_hvv070_cvv043_pcv020_rvto105_nhvto001_cvto015_dvto000_ndvx007_dvv000_ndvol363_vf000,9,18,9
run1_tight_weak_v224_pr106_ph000_pc021_dd072_cr033_cd062_de05_rvx080_rvv077_hvx058_cvx038_hvv070_cvv043_pcv020_rvto105_nhvto001_cvto015_dvto000_ndvx007_dvv000_ndvol364_vf000,9,18,9
run1_tight_weak_v224_pr106_ph000_pc021_dd072_cr033_cd062_de05_rvx080_rvv077_hvx058_cvx038_hvv070_cvv043_pcv020_rvto105_nhvto001_cvto015_dvto000_ndvx007_dvv000_ndvol365_vf000,9,18,9
run1_tight_weak_v224_pr106_ph000_pc021_dd072_cr033_cd062_de05_rvx080_rvv077_hvx058_cvx038_hvv070_cvv043_pcv020_rvto105_nhvto001_cvto015_dvto000_ndvx007_dvv000_ndvol366_vf000,9,18,9
run1_tight_weak_v224_pr106_ph000_pc021_dd072_cr033_cd062_de05_rvx080_rvv077_hvx058_cvx038_hvv070_cvv043_pcv020_rvto105_nhvto001_cvto015_dvto000_ndvx007_dvv000_ndvol367_vf000,9,18,9
run1_tight_weak_v224_pr106_ph000_pc021_dd072_cr033_cd062_de05_rvx080_rvv077_hvx058_cvx038_hvv070_cvv043_pcv020_rvto105_nhvto001_cvto015_dvto000_ndvx007_dvv000_ndvol368_vf000,9,18,9
run1_tight_weak_v224_pr106_ph000_pc021_dd072_cr033_cd062_de05_rvx080_rvv077_hvx058_cvx038_hvv070_cvv043_pcv020_rvto105_nhvto001_cvto015_dvto000_ndvx007_dvv000_ndvol369_vf000,9,18,9
run1_tight_weak_v224_pr106_ph000_pc021_dd072_cr033_cd062_de05_rvx080_rvv077_hvx058_cvx038_hvv070_cvv043_pcv020_rvto105_nhvto001_cvto015_dvto000_ndvx007_dvv000_ndvol370_vf000,9,18,9
run1_tight_weak_v224_pr106_ph000_pc021_dd072_cr033_cd062_de05_rvx080_rvv077_hvx058_cvx038_hvv070_cvv043_pcv020_rvto105_nhvto001_cvto015_dvto000_ndvx007_dvv000_ndvol371_vf000,9,18,9
run1_tight_weak_v224_pr106_ph000_pc021_dd072_cr033_cd062_de05_rvx080_rvv077_hvx058_cvx038_hvv070_cvv043_pcv020_rvto105_nhvto001_cvto015_dvto000_ndvx007_dvv000_ndvol372_vf000,9,18,9
run1_tight_weak_v224_pr106_ph000_pc021_dd072_cr033_cd062_de05_rvx080_rvv077_hvx058_cvx038_hvv070_cvv043_pcv020_rvto105_nhvto001_cvto015_dvto000_ndvx007_dvv000_ndvol373_vf000,9,18,9
run1_tight_weak_v224_pr106_ph000_pc021_dd072_cr033_cd062_de05_rvx080_rvv077_hvx058_cvx038_hvv070_cvv043_pcv020_rvto105_nhvto001_cvto015_dvto000_ndvx007_dvv000_ndvol374_vf000,9,18,9
run1_tight_weak_v224_pr106_ph000_pc021_dd072_cr033_cd062_de05_rvx080_rvv077_hvx058_cvx038_hvv070_cvv043_pcv020_rvto105_nhvto001_cvto015_dvto000_ndvx007_dvv000_ndvol375_vf000,9,18,9
run1_tight_weak_v224_pr106_ph000_pc021_dd072_cr033_cd062_de05_rvx080_rvv077_hvx058_cvx038_hvv070_cvv043_pcv020_rvto105_nhvto001_cvto015_dvto000_ndvx007_dvv000_ndvol376_vf000,9,18,9
run1_tight_weak_v224_pr106_ph000_pc021_dd072_cr033_cd062_de05_rvx080_rvv077_hvx058_cvx038_hvv070_cvv043_pcv020_rvto105_nhvto001_cvto015_dvto000_ndvx007_dvv000_ndvol377_vf000,9,18,9
run1_tight_weak_v224_pr106_ph000_pc021_dd072_cr033_cd062_de05_rvx080_rvv077_hvx058_cvx038_hvv070_cvv043_pcv020_rvto105_nhvto001_cvto015_dvto000_ndvx007_dvv000_ndvol378_vf000,9,18,9
run1_tight_weak_v224_pr106_ph000_pc021_dd072_cr033_cd062_de05_rvx080_rvv077_hvx058_cvx038_hvv070_cvv043_pcv020_rvto105_nhvto001_cvto015_dvto000_ndvx007_dvv000_ndvol379_vf000,9,18,9
run1_tight_weak_v224_pr106_ph000_pc021_dd072_cr033_cd062_de05_rvx080_rvv077_hvx058_cvx038_hvv070_cvv043_pcv020_rvto105_nhvto001_cvto015_dvto000_ndvx007_dvv000_ndvol380_vf000,9,18,9
run1_tight_weak_v224_pr106_ph000_pc021_dd072_cr033_cd062_de05_rvx080_rvv077_hvx058_cvx038_hvv070_cvv043_pcv020_rvto105_nhvto001_cvto015_dvto000_ndvx007_dvv000_ndvol381_vf000,9,18,9
run1_tight_weak_v224_pr106_ph000_pc021_dd072_cr033_cd062_de05_rvx080_rvv077_hvx058_cvx038_hvv070_cvv043_pcv020_rvto105_nhvto001_cvto015_dvto000_ndvx007_dvv000_ndvol382_vf000,9,18,9
run1_tight_weak_v224_pr106_ph000_pc021_dd072_cr033_cd062_de05_rvx080_rvv077_hvx058_cvx038_hvv070_cvv043_pcv020_rvto105_nhvto001_cvto015_dvto000_ndvx007_dvv000_ndvol383_vf000,9,18,9
run1_tight_weak_v224_pr106_ph000_pc021_dd072_cr033_cd062_de05_rvx080_rvv077_hvx058_cvx038_hvv070_cvv043_pcv020_rvto105_nhvto001_cvto015_dvto000_ndvx007_dvv000_ndvol384_vf000,9,18,9
run1_tight_weak_v224_pr106_ph000_pc021_dd072_cr033_cd062_de05_rvx080_rvv077_hvx058_cvx038_hvv070_cvv043_pcv020_rvto105_nhvto001_cvto015_dvto000_ndvx007_dvv000_ndvol385_vf000,9,18,9
run1_tight_weak_v224_pr106_ph000_pc021_dd072_cr033_cd062_de05_rvx080_rvv077_hvx058_cvx038_hvv070_cvv043_pcv020_rvto105_nhvto001_cvto015_dvto000_ndvx007_dvv000_ndvol386_vf000,9,18,9
run1_tight_weak_v224_pr106_ph000_pc021_dd072_cr033_cd062_de05_rvx080_rvv077_hvx058_cvx038_hvv070_cvv043_pcv020_rvto105_nhvto001_cvto015_dvto000_ndvx007_dvv000_ndvol387_vf000,9,18,9
run1_tight_weak_v224_pr106_ph000_pc021_dd072_cr033_cd062_de05_rvx080_rvv077_hvx058_cvx038_hvv070_cvv043_pcv020_rvto105_nhvto001_cvto015_dvto000_ndvx007_dvv000_ndvol388_vf000,9,18,9
run1_tight_weak_v224_pr106_ph000_pc021_dd072_cr033_cd062_de05_rvx080_rvv077_hvx058_cvx038_hvv070_cvv043_pcv020_rvto105_nhvto001_cvto015_dvto000_ndvx007_dvv000_ndvol389_vf000,9,18,9
run1_tight_weak_v224_pr106_ph000_pc021_dd072_cr033_cd062_de05_rvx080_rvv077_hvx058_cvx038_hvv070_cvv043_pcv020_rvto105_nhvto001_cvto015_dvto000_ndvx007_dvv000_ndvol390_vf000,9,18,9
run1_tight_weak_v224_pr106_ph000_pc021_dd072_cr033_cd062_de05_rvx080_rvv077_hvx058_cvx038_hvv070_cvv043_pcv020_rvto105_nhvto001_cvto015_dvto000_ndvx007_dvv000_ndvol391_vf000,9,18,9
run1_tight_weak_v224_pr106_ph000_pc021_dd072_cr033_cd062_de05_rvx080_rvv077_hvx058_cvx038_hvv070_cvv043_pcv020_rvto105_nhvto001_cvto015_dvto000_ndvx007_dvv000_ndvol392_vf000,9,18,9
run1_tight_weak_v224_pr106_ph000_pc021_dd072_cr033_cd062_de05_rvx080_rvv077_hvx058_cvx038_hvv070_cvv043_pcv020_rvto105_nhvto001_cvto015_dvto000_ndvx007_dvv000_ndvol393_vf000,9,18,9
run1_tight_weak_v224_pr106_ph000_pc021_dd072_cr033_cd062_de05_rvx080_rvv077_hvx058_cvx038_hvv070_cvv043_pcv020_rvto105_nhvto001_cvto015_dvto000_ndvx007_dvv000_ndvol394_vf000,9,18,9
run1_tight_weak_v224_pr106_ph000_pc021_dd072_cr033_cd062_de05_rvx080_rvv077_hvx058_cvx038_hvv070_cvv043_pcv020_rvto105_nhvto001_cvto015_dvto000_ndvx007_dvv000_ndvol395_vf000,9,18,9
run1_tight_weak_v224_pr106_ph000_pc021_dd072_cr033_cd062_de05_rvx080_rvv077_hvx058_cvx038_hvv070_cvv043_pcv020_rvto105_nhvto001_cvto015_dvto000_ndvx007_dvv000_ndvol396_vf000,9,18,9
run1_tight_weak_v224_pr106_ph000_pc021_dd072_cr033_cd062_de05_rvx080_rvv077_hvx058_cvx038_hvv070_cvv043_pcv020_rvto105_nhvto001_cvto015_dvto000_ndvx007_dvv000_ndvol397_vf000,9,18,9
run1_tight_weak_v224_pr106_ph000_pc021_dd072_cr033_cd062_de05_rvx080_rvv077_hvx058_cvx038_hvv070_cvv043_pcv020_rvto105_nhvto001_cvto015_dvto000_ndvx007_dvv000_ndvol398_vf000,9,18,9
run1_tight_weak_v224_pr106_ph000_pc021_dd072_cr033_cd062_de05_rvx080_rvv077_hvx058_cvx038_hvv070_cvv043_pcv020_rvto105_nhvto001_cvto015_dvto000_ndvx007_dvv000_ndvol399_vf000,9,18,9
run1_tight_weak_v224_pr106_ph000_pc021_dd072_cr033_cd062_de05_rvx080_rvv077_hvx058_cvx038_hvv070_cvv043_pcv020_rvto105_nhvto001_cvto015_dvto000_ndvx007_dvv000_ndvol400_vf000,9,18,9
run1_tight_weak_v224_pr106_ph000_pc021_dd072_cr033_cd062_de05_rvx080_rvv077_hvx058_cvx038_hvv070_cvv043_pcv020_rvto105_nhvto001_cvto015_dvto000_ndvx007_dvv000_ndvol401_vf000,9,18,9
run1_tight_weak_v224_pr106_ph000_pc021_dd072_cr033_cd062_de05_rvx080_rvv077_hvx058_cvx038_hvv070_cvv043_pcv020_rvto105_nhvto001_cvto015_dvto000_ndvx007_dvv000_ndvol402_vf000,9,18,9
run1_tight_weak_v224_pr106_ph000_pc021_dd072_cr033_cd062_de05_rvx080_rvv077_hvx058_cvx038_hvv070_cvv043_pcv020_rvto105_nhvto001_cvto015_dvto000_ndvx007_dvv000_ndvol403_vf000,9,18,9
run1_tight_weak_v224_pr106_ph000_pc021_dd072_cr033_cd062_de05_rvx080_rvv077_hvx058_cvx038_hvv070_cvv043_pcv020_rvto105_nhvto001_cvto015_dvto000_ndvx007_dvv000_ndvol404_vf000,9,18,9
run1_tight_weak_v224_pr106_ph000_pc021_dd072_cr033_cd062_de05_rvx080_rvv077_hvx058_cvx038_hvv070_cvv043_pcv020_rvto105_nhvto001_cvto015_dvto000_ndvx007_dvv000_ndvol405_vf000,9,18,9
run1_tight_weak_v224_pr106_ph000_pc021_dd072_cr033_cd062_de05_rvx080_rvv077_hvx058_cvx038_hvv070_cvv043_pcv020_rvto105_nhvto001_cvto015_dvto000_ndvx007_dvv000_ndvol406_vf000,9,18,9
run1_tight_weak_v224_pr106_ph000_pc021_dd072_cr033_cd062_de05_rvx080_rvv077_hvx058_cvx038_hvv070_cvv043_pcv020_rvto105_nhvto001_cvto015_dvto000_ndvx007_dvv000_ndvol407_vf000,9,18,9
run1_tight_weak_v224_pr106_ph000_pc021_dd072_cr033_cd062_de05_rvx080_rvv077_hvx058_cvx038_hvv070_cvv043_pcv020_rvto105_nhvto001_cvto015_dvto000_ndvx007_dvv000_ndvol408_vf000,9,18,9
run1_tight_weak_v224_pr106_ph000_pc021_dd072_cr033_cd062_de05_rvx080_rvv077_hvx058_cvx038_hvv070_cvv043_pcv020_rvto105_nhvto001_cvto015_dvto000_ndvx007_dvv000_ndvol409_vf000,9,18,9
run1_tight_weak_v224_pr106_ph000_pc021_dd072_cr033_cd062_de05_rvx080_rvv077_hvx058_cvx038_hvv070_cvv043_pcv020_rvto105_nhvto001_cvto015_dvto000_ndvx007_dvv000_ndvol410_vf000,9,18,9
run1_tight_weak_v224_pr106_ph000_pc021_dd072_cr033_cd062_de05_rvx080_rvv077_hvx058_cvx038_hvv070_cvv043_pcv020_rvto105_nhvto001_cvto015_dvto000_ndvx007_dvv000_ndvol411_vf000,9,18,9
run1_tight_weak_v224_pr106_ph000_pc021_dd072_cr033_cd062_de05_rvx080_rvv077_hvx058_cvx038_hvv070_cvv043_pcv020_rvto105_nhvto001_cvto015_dvto000_ndvx007_dvv000_ndvol412_vf000,9,18,9
run1_tight_weak_v224_pr106_ph000_pc021_dd072_cr033_cd062_de05_rvx080_rvv077_hvx058_cvx038_hvv070_cvv043_pcv020_rvto105_nhvto001_cvto015_dvto000_ndvx007_dvv000_ndvol413_vf000,9,18,9
run1_tight_weak_v224_pr106_ph000_pc021_dd072_cr033_cd062_de05_rvx080_rvv077_hvx058_cvx038_hvv070_cvv043_pcv020_rvto105_nhvto001_cvto015_dvto000_ndvx007_dvv000_ndvol414_vf000,9,18,9
run1_tight_weak_v224_pr106_ph000_pc021_dd072_cr033_cd062_de05_rvx080_rvv077_hvx058_cvx038_hvv070_cvv043_pcv020_rvto105_nhvto001_cvto015_dvto000_ndvx007_dvv000_ndvol415_vf000,9,18,9
run1_tight_weak_v224_pr106_ph000_pc021_dd072_cr033_cd062_de05_rvx080_rvv077_hvx058_cvx038_hvv070_cvv043_pcv020_rvto105_nhvto001_cvto015_dvto000_ndvx007_dvv000_ndvol416_vf000,9,18,9
run1_tight_weak_v224_pr106_ph000_pc021_dd072_cr033_cd062_de05_rvx080_rvv077_hvx058_cvx038_hvv070_cvv043_pcv020_rvto105_nhvto001_cvto015_dvto000_ndvx007_dvv000_ndvol417_vf000,9,18,9
run1_tight_weak_v224_pr106_ph000_pc021_dd072_cr033_cd062_de05_rvx080_rvv077_hvx058_cvx038_hvv070_cvv043_pcv020_rvto105_nhvto001_cvto015_dvto000_ndvx007_dvv000_ndvol418_vf000,9,18,9
run1_tight_weak_v224_pr106_ph000_pc021_dd072_cr033_cd062_de05_rvx080_rvv077_hvx058_cvx038_hvv070_cvv043_pcv020_rvto105_nhvto001_cvto015_dvto000_ndvx007_dvv000_ndvol419_vf000,9,18,9
run1_tight_weak_v224_pr106_ph000_pc021_dd072_cr033_cd062_de05_rvx080_rvv077_hvx058_cvx038_hvv070_cvv043_pcv020_rvto105_nhvto001_cvto015_dvto000_ndvx007_dvv000_ndvol420_vf000,9,18,9
run1_tight_weak_v224_pr106_ph000_pc021_dd072_cr033_cd062_de05_rvx080_rvv077_hvx058_cvx038_hvv070_cvv043_pcv020_rvto105_nhvto001_cvto015_dvto000_ndvx007_dvv000_ndvol421_vf000,9,18,9
run1_tight_weak_v224_pr106_ph000_pc021_dd072_cr033_cd062_de05_rvx080_rvv077_hvx058_cvx038_hvv070_cvv043_pcv020_rvto105_nhvto001_cvto015_dvto000_ndvx007_dvv000_ndvol422_vf000,9,18,9
run1_tight_weak_v224_pr106_ph000_pc021_dd072_cr033_cd062_de05_rvx080_rvv077_hvx058_cvx038_hvv070_cvv043_pcv020_rvto105_nhvto001_cvto015_dvto000_ndvx007_dvv000_ndvol423_vf000,9,18,9
run1_tight_weak_v224_pr106_ph000_pc021_dd072_cr033_cd062_de05_rvx080_rvv077_hvx058_cvx038_hvv070_cvv043_pcv020_rvto105_nhvto001_cvto015_dvto000_ndvx007_dvv000_ndvol424_vf000,9,18,9
run1_tight_weak_v224_pr106_ph000_pc021_dd072_cr033_cd062_de05_rvx080_rvv077_hvx058_cvx038_hvv070_cvv043_pcv020_rvto105_nhvto001_cvto015_dvto000_ndvx007_dvv000_ndvol425_vf000,9,18,9
run1_tight_weak_v224_pr106_ph000_pc021_dd072_cr033_cd062_de05_rvx080_rvv077_hvx058_cvx038_hvv070_cvv043_pcv020_rvto105_nhvto001_cvto015_dvto000_ndvx007_dvv000_ndvol426_vf000,9,18,9
run1_tight_weak_v224_pr106_ph000_pc021_dd072_cr033_cd062_de05_rvx080_rvv077_hvx058_cvx038_hvv070_cvv043_pcv020_rvto105_nhvto001_cvto015_dvto000_ndvx007_dvv000_ndvol427_vf000,9,18,9
run1_tight_weak_v224_pr106_ph000_pc021_dd072_cr033_cd062_de05_rvx080_rvv077_hvx058_cvx038_hvv070_cvv043_pcv020_rvto105_nhvto001_cvto015_dvto000_ndvx007_dvv000_ndvol428_vf000,9,18,9
run1_tight_weak_v224_pr106_ph000_pc021_dd072_cr033_cd062_de05_rvx080_rvv077_hvx058_cvx038_hvv070_cvv043_pcv020_rvto105_nhvto001_cvto015_dvto000_ndvx007_dvv000_ndvol429_vf000,9,18,9
run1_tight_weak_v224_pr106_ph000_pc021_dd072_cr033_cd062_de05_rvx080_rvv077_hvx058_cvx038_hvv070_cvv043_pcv020_rvto105_nhvto001_cvto015_dvto000_ndvx007_dvv000_ndvol430_vf000,9,18,9
run1_tight_weak_v224_pr106_ph000_pc021_dd072_cr033_cd062_de05_rvx080_rvv077_hvx058_cvx038_hvv070_cvv043_pcv020_rvto105_nhvto001_cvto015_dvto000_ndvx007_dvv000_ndvol431_vf000,9,18,9
run1_tight_weak_v224_pr106_ph000_pc021_dd072_cr033_cd062_de05_rvx080_rvv077_hvx058_cvx038_hvv070_cvv043_pcv020_rvto105_nhvto001_cvto015_dvto000_ndvx007_dvv000_ndvol432_vf000,9,18,9
run1_tight_weak_v224_pr106_ph000_pc021_dd072_cr033_cd062_de05_rvx080_rvv077_hvx058_cvx038_hvv070_cvv043_pcv020_rvto105_nhvto001_cvto015_dvto000_ndvx007_dvv000_ndvol433_vf000,9,18,9
run1_tight_weak_v224_pr106_ph000_pc021_dd072_cr033_cd062_de05_rvx080_rvv077_hvx058_cvx038_hvv070_cvv043_pcv020_rvto105_nhvto001_cvto015_dvto000_ndvx007_dvv000_ndvol434_vf000,9,18,9
run1_tight_weak_v224_pr106_ph000_pc021_dd072_cr033_cd062_de05_rvx080_rvv077_hvx058_cvx038_hvv070_cvv043_pcv020_rvto105_nhvto001_cvto015_dvto000_ndvx007_dvv000_ndvol435_vf000,9,18,9
run1_tight_weak_v224_pr106_ph000_pc021_dd072_cr033_cd062_de05_rvx080_rvv077_hvx058_cvx038_hvv070_cvv043_pcv020_rvto105_nhvto001_cvto015_dvto000_ndvx007_dvv000_ndvol436_vf000,9,18,9
run1_tight_weak_v224_pr106_ph000_pc021_dd072_cr033_cd062_de05_rvx080_rvv077_hvx058_cvx038_hvv070_cvv043_pcv020_rvto105_nhvto001_cvto015_dvto000_ndvx007_dvv000_ndvol437_vf000,9,18,9
run1_tight_weak_v224_pr106_ph000_pc021_dd072_cr033_cd062_de05_rvx080_rvv077_hvx058_cvx038_hvv070_cvv043_pcv020_rvto105_nhvto001_cvto015_dvto000_ndvx007_dvv000_ndvol438_vf000,9,18,9
run1_tight_weak_v224_pr106_ph000_pc021_dd072_cr033_cd062_de05_rvx080_rvv077_hvx058_cvx038_hvv070_cvv043_pcv020_rvto105_nhvto001_cvto015_dvto000_ndvx007_dvv000_ndvol439_vf000,9,18,9
run1_tight_weak_v224_pr106_ph000_pc021_dd072_cr033_cd062_de05_rvx080_rvv077_hvx058_cvx038_hvv070_cvv043_pcv020_rvto105_nhvto001_cvto015_dvto000_ndvx007_dvv000_ndvol440_vf000,9,18,9
run1_tight_weak_v224_pr106_ph000_pc021_dd072_cr033_cd062_de05_rvx080_rvv077_hvx058_cvx038_hvv070_cvv043_pcv020_rvto105_nhvto001_cvto015_dvto000_ndvx007_dvv000_ndvol441_vf000,9,18,9
run1_tight_weak_v224_pr106_ph000_pc021_dd072_cr033_cd062_de05_rvx080_rvv077_hvx058_cvx038_hvv070_cvv043_pcv020_rvto105_nhvto001_cvto015_dvto000_ndvx007_dvv000_ndvol442_vf000,9,18,9
run1_tight_weak_v224_pr106_ph000_pc021_dd072_cr033_cd062_de05_rvx080_rvv077_hvx058_cvx038_hvv070_cvv043_pcv020_rvto105_nhvto001_cvto015_dvto000_ndvx007_dvv000_ndvol443_vf000,9,18,9
run1_tight_weak_v224_pr106_ph000_pc021_dd072_cr033_cd062_de05_rvx080_rvv077_hvx058_cvx038_hvv070_cvv043_pcv020_rvto105_nhvto001_cvto015_dvto000_ndvx007_dvv000_ndvol444_vf000,9,18,9
run1_tight_weak_v224_pr106_ph000_pc021_dd072_cr033_cd062_de05_rvx080_rvv077_hvx058_cvx038_hvv070_cvv043_pcv020_rvto105_nhvto001_cvto015_dvto000_ndvx007_dvv000_ndvol445_vf000,9,18,9
run1_tight_weak_v224_pr106_ph000_pc021_dd072_cr033_cd062_de05_rvx080_rvv077_hvx058_cvx038_hvv070_cvv043_pcv020_rvto105_nhvto001_cvto015_dvto000_ndvx007_dvv000_ndvol446_vf000,9,18,9
run1_tight_weak_v224_pr106_ph000_pc021_dd072_cr033_cd062_de05_rvx080_rvv077_hvx058_cvx038_hvv070_cvv043_pcv020_rvto105_nhvto001_cvto015_dvto000_ndvx007_dvv000_ndvol447_vf000,9,18,9
run1_tight_weak_v224_pr106_ph000_pc021_dd072_cr033_cd062_de05_rvx080_rvv077_hvx058_cvx038_hvv070_cvv043_pcv020_rvto105_nhvto001_cvto015_dvto000_ndvx007_dvv000_ndvol448_vf000,9,18,9
run1_tight_weak_v224_pr106_ph000_pc021_dd072_cr033_cd062_de05_rvx080_rvv077_hvx058_cvx038_hvv070_cvv043_pcv020_rvto105_nhvto001_cvto015_dvto000_ndvx007_dvv000_ndvol449_vf000,9,18,9
run1_tight_weak_v224_pr106_ph000_pc021_dd072_cr033_cd062_de05_rvx080_rvv077_hvx058_cvx038_hvv070_cvv043_pcv020_rvto105_nhvto001_cvto015_dvto000_ndvx007_dvv000_ndvol450_vf000,9,18,9
run1_tight_weak_v224_pr106_ph000_pc021_dd072_cr033_cd062_de05_rvx080_rvv077_hvx058_cvx038_hvv070_cvv043_pcv020_rvto105_nhvto001_cvto015_dvto000_ndvx007_dvv000_ndvol451_vf000,9,18,9
run1_tight_weak_v224_pr106_ph000_pc021_dd072_cr033_cd062_de05_rvx080_rvv077_hvx058_cvx038_hvv070_cvv043_pcv020_rvto105_nhvto001_cvto015_dvto000_ndvx007_dvv000_ndvol452_vf000,9,18,9
run1_tight_weak_v224_pr106_ph000_pc021_dd072_cr033_cd062_de05_rvx080_rvv077_hvx058_cvx038_hvv070_cvv043_pcv020_rvto105_nhvto001_cvto015_dvto000_ndvx007_dvv000_ndvol453_vf000,9,18,9
run1_tight_weak_v224_pr106_ph000_pc021_dd072_cr033_cd062_de05_rvx080_rvv077_hvx058_cvx038_hvv070_cvv043_pcv020_rvto105_nhvto001_cvto015_dvto000_ndvx007_dvv000_ndvol454_vf000,9,18,9
run1_tight_weak_v224_pr106_ph000_pc021_dd072_cr033_cd062_de05_rvx080_rvv077_hvx058_cvx038_hvv070_cvv043_pcv020_rvto105_nhvto001_cvto015_dvto000_ndvx007_dvv000_ndvol455_vf000,9,18,9
run1_tight_weak_v224_pr106_ph000_pc021_dd072_cr033_cd062_de05_rvx080_rvv077_hvx058_cvx038_hvv070_cvv043_pcv020_rvto105_nhvto001_cvto015_dvto000_ndvx007_dvv000_ndvol456_vf000,9,18,9
run1_tight_weak_v224_pr106_ph000_pc021_dd072_cr033_cd062_de05_rvx080_rvv077_hvx058_cvx038_hvv070_cvv043_pcv020_rvto105_nhvto001_cvto015_dvto000_ndvx007_dvv000_ndvol457_vf000,9,18,9
run1_tight_weak_v224_pr106_ph000_pc021_dd072_cr033_cd062_de05_rvx080_rvv077_hvx058_cvx038_hvv070_cvv043_pcv020_rvto105_nhvto001_cvto015_dvto000_ndvx007_dvv000_ndvol458_vf000,9,18,9
run1_tight_weak_v224_pr106_ph000_pc021_dd072_cr033_cd062_de05_rvx080_rvv077_hvx058_cvx038_hvv070_cvv043_pcv020_rvto105_nhvto001_cvto015_dvto000_ndvx007_dvv000_ndvol459_vf000,9,18,9
run1_tight_weak_v224_pr106_ph000_pc021_dd072_cr033_cd062_de05_rvx080_rvv077_hvx058_cvx038_hvv070_cvv043_pcv020_rvto105_nhvto001_cvto015_dvto000_ndvx007_dvv000_ndvol460_vf000,9,18,9
run1_tight_weak_v224_pr106_ph000_pc021_dd072_cr033_cd062_de05_rvx080_rvv077_hvx058_cvx038_hvv070_cvv043_pcv020_rvto105_nhvto001_cvto015_dvto000_ndvx007_dvv000_ndvol461_vf000,9,18,9
run1_tight_weak_v224_pr106_ph000_pc021_dd072_cr033_cd062_de05_rvx080_rvv077_hvx058_cvx038_hvv070_cvv043_pcv020_rvto105_nhvto001_cvto015_dvto000_ndvx007_dvv000_ndvol462_vf000,9,18,9
run1_tight_weak_v224_pr106_ph000_pc021_dd072_cr033_cd062_de05_rvx080_rvv077_hvx058_cvx038_hvv070_cvv043_pcv020_rvto105_nhvto001_cvto015_dvto000_ndvx007_dvv000_ndvol463_vf000,9,18,9
run1_tight_weak_v224_pr106_ph000_pc021_dd072_cr033_cd062_de05_rvx080_rvv077_hvx058_cvx038_hvv070_cvv043_pcv020_rvto105_nhvto001_cvto015_dvto000_ndvx007_dvv000_ndvol464_vf000,9,18,9
run1_tight_weak_v224_pr106_ph000_pc021_dd072_cr033_cd062_de05_rvx080_rvv077_hvx058_cvx038_hvv070_cvv043_pcv020_rvto105_nhvto001_cvto015_dvto000_ndvx007_dvv000_ndvol465_vf000,9,18,9
run1_tight_weak_v224_pr106_ph000_pc021_dd072_cr033_cd062_de05_rvx080_rvv077_hvx058_cvx038_hvv070_cvv043_pcv020_rvto105_nhvto001_cvto015_dvto000_ndvx007_dvv000_ndvol466_vf000,9,18,9
run1_tight_weak_v224_pr106_ph000_pc021_dd072_cr033_cd062_de05_rvx080_rvv077_hvx058_cvx038_hvv070_cvv043_pcv020_rvto105_nhvto001_cvto015_dvto000_ndvx007_dvv000_ndvol467_vf000,9,18,9
run1_tight_weak_v224_pr106_ph000_pc021_dd072_cr033_cd062_de05_rvx080_rvv077_hvx058_cvx038_hvv070_cvv043_pcv020_rvto105_nhvto001_cvto015_dvto000_ndvx007_dvv000_ndvol468_vf000,9,18,9
run1_tight_weak_v224_pr106_ph000_pc021_dd072_cr033_cd062_de05_rvx080_rvv077_hvx058_cvx038_hvv070_cvv043_pcv020_rvto105_nhvto001_cvto015_dvto000_ndvx007_dvv000_ndvol469_vf000,9,18,9
run1_tight_weak_v224_pr106_ph000_pc021_dd072_cr033_cd062_de05_rvx080_rvv077_hvx058_cvx038_hvv070_cvv043_pcv020_rvto105_nhvto001_cvto015_dvto000_ndvx007_dvv000_ndvol470_vf000,9,18,9
run1_tight_weak_v224_pr106_ph000_pc021_dd072_cr033_cd062_de05_rvx080_rvv077_hvx058_cvx038_hvv070_cvv043_pcv020_rvto105_nhvto001_cvto015_dvto000_ndvx007_dvv000_ndvol471_vf000,9,18,9
run1_tight_weak_v224_pr106_ph000_pc021_dd072_cr033_cd062_de05_rvx080_rvv077_hvx058_cvx038_hvv070_cvv043_pcv020_rvto105_nhvto001_cvto015_dvto000_ndvx007_dvv000_ndvol472_vf000,9,18,9
run1_tight_weak_v224_pr106_ph000_pc021_dd072_cr033_cd062_de05_rvx080_rvv077_hvx058_cvx038_hvv070_cvv043_pcv020_rvto105_nhvto001_cvto015_dvto000_ndvx007_dvv000_ndvol473_vf000,9,18,9
run1_tight_weak_v224_pr106_ph000_pc021_dd072_cr033_cd062_de05_rvx080_rvv077_hvx058_cvx038_hvv070_cvv043_pcv020_rvto105_nhvto001_cvto015_dvto000_ndvx007_dvv000_ndvol474_vf000,9,18,9
run1_tight_weak_v224_pr106_ph000_pc021_dd072_cr033_cd062_de05_rvx080_rvv077_hvx058_cvx038_hvv070_cvv043_pcv020_rvto105_nhvto001_cvto015_dvto000_ndvx007_dvv000_ndvol475_vf000,9,18,9
run1_tight_weak_v224_pr106_ph000_pc021_dd072_cr033_cd062_de05_rvx080_rvv077_hvx058_cvx038_hvv070_cvv043_pcv020_rvto105_nhvto001_cvto015_dvto000_ndvx007_dvv000_ndvol476_vf000,9,18,9
run1_tight_weak_v224_pr106_ph000_pc021_dd072_cr033_cd062_de05_rvx080_rvv077_hvx058_cvx038_hvv070_cvv043_pcv020_rvto105_nhvto001_cvto015_dvto000_ndvx007_dvv000_ndvol477_vf000,9,18,9
run1_tight_weak_v224_pr106_ph000_pc021_dd072_cr033_cd062_de05_rvx080_rvv077_hvx058_cvx038_hvv070_cvv043_pcv020_rvto105_nhvto001_cvto015_dvto000_ndvx007_dvv000_ndvol478_vf000,9,18,9
run1_tight_weak_v224_pr106_ph000_pc021_dd072_cr033_cd062_de05_rvx080_rvv077_hvx058_cvx038_hvv070_cvv043_pcv020_rvto105_nhvto001_cvto015_dvto000_ndvx007_dvv000_ndvol479_vf000,9,18,9
run1_tight_weak_v224_pr106_ph000_pc021_dd072_cr033_cd062_de05_rvx080_rvv077_hvx058_cvx038_hvv070_cvv043_pcv020_rvto105_nhvto001_cvto015_dvto000_ndvx007_dvv000_ndvol480_vf000,9,18,9
run1_tight_weak_v224_pr106_ph000_pc021_dd072_cr033_cd062_de05_rvx080_rvv077_hvx058_cvx038_hvv070_cvv043_pcv020_rvto105_nhvto001_cvto015_dvto000_ndvx007_dvv000_ndvol481_vf000,9,18,9
run1_tight_weak_v224_pr106_ph000_pc021_dd072_cr033_cd062_de05_rvx080_rvv077_hvx058_cvx038_hvv070_cvv043_pcv020_rvto105_nhvto001_cvto015_dvto000_ndvx007_dvv000_ndvol482_vf000,9,18,9
run1_tight_weak_v224_pr106_ph000_pc021_dd072_cr033_cd062_de05_rvx080_rvv077_hvx058_cvx038_hvv070_cvv043_pcv020_rvto105_nhvto001_cvto015_dvto000_ndvx007_dvv000_ndvol483_vf000,9,18,9
run1_tight_weak_v224_pr106_ph000_pc021_dd072_cr033_cd062_de05_rvx080_rvv077_hvx058_cvx038_hvv070_cvv043_pcv020_rvto105_nhvto001_cvto015_dvto000_ndvx007_dvv000_ndvol484_vf000,9,18,9
run1_tight_weak_v232_pr106_ph000_pc021_dd072_cr033_cd062_de05_rvx080_rvv077_hvx058_cvx038_hvv070_cvv043_pcv020_rvto105_nhvto001_cvto015_dvto000_ndvx007_dvv000_ndvol1000_vf000,9,18,9
run1_tight_weak_v232_pr106_ph000_pc021_dd072_cr033_cd062_de05_rvx080_rvv077_hvx058_cvx038_hvv070_cvv043_pcv020_rvto105_nhvto001_cvto015_dvto000_ndvx007_dvv000_ndvol1010_vf000,9,18,9
run1_tight_weak_v232_pr106_ph000_pc021_dd072_cr033_cd062_de05_rvx080_rvv077_hvx058_cvx038_hvv070_cvv043_pcv020_rvto105_nhvto001_cvto015_dvto000_ndvx007_dvv000_ndvol1020_vf000,9,18,9
run1_tight_weak_v232_pr106_ph000_pc021_dd072_cr033_cd062_de05_rvx080_rvv077_hvx058_cvx038_hvv070_cvv043_pcv020_rvto105_nhvto001_cvto015_dvto000_ndvx007_dvv000_ndvol1030_vf000,9,18,9
run1_tight_weak_v232_pr106_ph000_pc021_dd072_cr033_cd062_de05_rvx080_rvv077_hvx058_cvx038_hvv070_cvv043_pcv020_rvto105_nhvto001_cvto015_dvto000_ndvx007_dvv000_ndvol1040_vf000,9,18,9
run1_tight_weak_v232_pr106_ph000_pc021_dd072_cr033_cd062_de05_rvx080_rvv077_hvx058_cvx038_hvv070_cvv043_pcv020_rvto105_nhvto001_cvto015_dvto000_ndvx007_dvv000_ndvol1050_vf000,9,18,9
run1_tight_weak_v232_pr106_ph000_pc021_dd072_cr033_cd062_de05_rvx080_rvv077_hvx058_cvx038_hvv070_cvv043_pcv020_rvto105_nhvto001_cvto015_dvto000_ndvx007_dvv000_ndvol1060_vf000,9,18,9
run1_tight_weak_v232_pr106_ph000_pc021_dd072_cr033_cd062_de05_rvx080_rvv077_hvx058_cvx038_hvv070_cvv043_pcv020_rvto105_nhvto001_cvto015_dvto000_ndvx007_dvv000_ndvol1070_vf000,9,18,9
run1_tight_weak_v232_pr106_ph000_pc021_dd072_cr033_cd062_de05_rvx080_rvv077_hvx058_cvx038_hvv070_cvv043_pcv020_rvto105_nhvto001_cvto015_dvto000_ndvx007_dvv000_ndvol1080_vf000,9,18,9
run1_tight_weak_v232_pr106_ph000_pc021_dd072_cr033_cd062_de05_rvx080_rvv077_hvx058_cvx038_hvv070_cvv043_pcv020_rvto105_nhvto001_cvto015_dvto000_ndvx007_dvv000_ndvol1090_vf000,9,18,9
run1_tight_weak_v232_pr106_ph000_pc021_dd072_cr033_cd062_de05_rvx080_rvv077_hvx058_cvx038_hvv070_cvv043_pcv020_rvto105_nhvto001_cvto015_dvto000_ndvx007_dvv000_ndvol1100_vf000,9,18,9
run1_tight_weak_v232_pr106_ph000_pc021_dd072_cr033_cd062_de05_rvx080_rvv077_hvx058_cvx038_hvv070_cvv043_pcv020_rvto105_nhvto001_cvto015_dvto000_ndvx007_dvv000_ndvol1110_vf000,9,18,9
run1_tight_weak_v232_pr106_ph000_pc021_dd072_cr033_cd062_de05_rvx080_rvv077_hvx058_cvx038_hvv070_cvv043_pcv020_rvto105_nhvto001_cvto015_dvto000_ndvx007_dvv000_ndvol1120_vf000,9,18,9
run1_tight_weak_v232_pr106_ph000_pc021_dd072_cr033_cd062_de05_rvx080_rvv077_hvx058_cvx038_hvv070_cvv043_pcv020_rvto105_nhvto001_cvto015_dvto000_ndvx007_dvv000_ndvol1130_vf000,9,18,9
run1_tight_weak_v232_pr106_ph000_pc021_dd072_cr033_cd062_de05_rvx080_rvv077_hvx058_cvx038_hvv070_cvv043_pcv020_rvto105_nhvto001_cvto015_dvto000_ndvx007_dvv000_ndvol1140_vf000,9,18,9
run1_tight_weak_v232_pr106_ph000_pc021_dd072_cr033_cd062_de05_rvx080_rvv077_hvx058_cvx038_hvv070_cvv043_pcv020_rvto105_nhvto001_cvto015_dvto000_ndvx007_dvv000_ndvol1150_vf000,9,18,9
run1_tight_weak_v232_pr106_ph000_pc021_dd072_cr033_cd062_de05_rvx080_rvv077_hvx058_cvx038_hvv070_cvv043_pcv020_rvto105_nhvto001_cvto015_dvto000_ndvx007_dvv000_ndvol1160_vf000,9,18,9
run1_tight_weak_v232_pr106_ph000_pc021_dd072_cr033_cd062_de05_rvx080_rvv077_hvx058_cvx038_hvv070_cvv043_pcv020_rvto105_nhvto001_cvto015_dvto000_ndvx007_dvv000_ndvol1170_vf000,9,18,9
run1_tight_weak_v232_pr106_ph000_pc021_dd072_cr033_cd062_de05_rvx080_rvv077_hvx058_cvx038_hvv070_cvv043_pcv020_rvto105_nhvto001_cvto015_dvto000_ndvx007_dvv000_ndvol1171_vf000,9,18,9
run1_tight_weak_v232_pr106_ph000_pc021_dd072_cr033_cd062_de05_rvx080_rvv077_hvx058_cvx038_hvv070_cvv043_pcv020_rvto105_nhvto001_cvto015_dvto000_ndvx007_dvv000_ndvol1172_vf000,9,18,9
run1_tight_weak_v232_pr106_ph000_pc021_dd072_cr033_cd062_de05_rvx080_rvv077_hvx058_cvx038_hvv070_cvv043_pcv020_rvto105_nhvto001_cvto015_dvto000_ndvx007_dvv000_ndvol1173_vf000,9,18,9
run1_tight_weak_v232_pr106_ph000_pc021_dd072_cr033_cd062_de05_rvx080_rvv077_hvx058_cvx038_hvv070_cvv043_pcv020_rvto105_nhvto001_cvto015_dvto000_ndvx007_dvv000_ndvol1174_vf000,9,18,9
run1_tight_weak_v232_pr106_ph000_pc021_dd072_cr033_cd062_de05_rvx080_rvv077_hvx058_cvx038_hvv070_cvv043_pcv020_rvto105_nhvto001_cvto015_dvto000_ndvx007_dvv000_ndvol1175_vf000,9,18,9
run1_tight_weak_v232_pr106_ph000_pc021_dd072_cr033_cd062_de05_rvx080_rvv077_hvx058_cvx038_hvv070_cvv043_pcv020_rvto105_nhvto001_cvto015_dvto000_ndvx007_dvv000_ndvol1176_vf000,9,18,9
run1_tight_weak_v232_pr106_ph000_pc021_dd072_cr033_cd062_de05_rvx080_rvv077_hvx058_cvx038_hvv070_cvv043_pcv020_rvto105_nhvto001_cvto015_dvto000_ndvx007_dvv000_ndvol1177_vf000,9,18,9
run1_tight_weak_v232_pr106_ph000_pc021_dd072_cr033_cd062_de05_rvx080_rvv077_hvx058_cvx038_hvv070_cvv043_pcv020_rvto105_nhvto001_cvto015_dvto000_ndvx007_dvv000_ndvol1178_vf000,9,18,9
run1_tight_weak_v232_pr106_ph000_pc021_dd072_cr033_cd062_de05_rvx080_rvv077_hvx058_cvx038_hvv070_cvv043_pcv020_rvto105_nhvto001_cvto015_dvto000_ndvx007_dvv000_ndvol1179_vf000,9,18,9
run1_tight_weak_v232_pr106_ph000_pc021_dd072_cr033_cd062_de05_rvx080_rvv077_hvx058_cvx038_hvv070_cvv043_pcv020_rvto105_nhvto001_cvto015_dvto000_ndvx007_dvv000_ndvol1180_vf000,9,18,9
run1_tight_weak_v232_pr106_ph000_pc021_dd072_cr033_cd062_de05_rvx080_rvv077_hvx058_cvx038_hvv070_cvv043_pcv020_rvto105_nhvto001_cvto015_dvto000_ndvx007_dvv000_ndvol11810_vf000,9,18,9
run1_tight_weak_v232_pr106_ph000_pc021_dd072_cr033_cd062_de05_rvx080_rvv077_hvx058_cvx038_hvv070_cvv043_pcv020_rvto105_nhvto001_cvto015_dvto000_ndvx007_dvv000_ndvol11811_vf000,9,18,9
run1_tight_weak_v232_pr106_ph000_pc021_dd072_cr033_cd062_de05_rvx080_rvv077_hvx058_cvx038_hvv070_cvv043_pcv020_rvto105_nhvto001_cvto015_dvto000_ndvx007_dvv000_ndvol11812_vf000,9,18,9
run1_tight_weak_v232_pr106_ph000_pc021_dd072_cr033_cd062_de05_rvx080_rvv077_hvx058_cvx038_hvv070_cvv043_pcv020_rvto105_nhvto001_cvto015_dvto000_ndvx007_dvv000_ndvol11813_vf000,9,18,9
run1_tight_weak_v232_pr106_ph000_pc021_dd072_cr033_cd062_de05_rvx080_rvv077_hvx058_cvx038_hvv070_cvv043_pcv020_rvto105_nhvto001_cvto015_dvto000_ndvx007_dvv000_ndvol11814_vf000,9,18,9
run1_tight_weak_v232_pr106_ph000_pc021_dd072_cr033_cd062_de05_rvx080_rvv077_hvx058_cvx038_hvv070_cvv043_pcv020_rvto105_nhvto001_cvto015_dvto000_ndvx007_dvv000_ndvol11815_vf000,9,18,9
run1_tight_weak_v232_pr106_ph000_pc021_dd072_cr033_cd062_de05_rvx080_rvv077_hvx058_cvx038_hvv070_cvv043_pcv020_rvto105_nhvto001_cvto015_dvto000_ndvx007_dvv000_ndvol11816_vf000,9,18,9
run1_tight_weak_v232_pr106_ph000_pc021_dd072_cr033_cd062_de05_rvx080_rvv077_hvx058_cvx038_hvv070_cvv043_pcv020_rvto105_nhvto001_cvto015_dvto000_ndvx007_dvv000_ndvol11817_vf000,9,18,9
run1_tight_weak_v232_pr106_ph000_pc021_dd072_cr033_cd062_de05_rvx080_rvv077_hvx058_cvx038_hvv070_cvv043_pcv020_rvto105_nhvto001_cvto015_dvto000_ndvx007_dvv000_ndvol11817_vf000_abbase,9,18,9
run1_tight_weak_v232_pr106_ph000_pc021_dd072_cr033_cd062_de05_rvx080_rvv077_hvx058_cvx038_hvv070_cvv043_pcv020_rvto105_nhvto001_cvto015_dvto000_ndvx007_dvv000_ndvol11817_vf000_fineeqnr,9,18,9
run1_tight_weak_v232_pr106_ph000_pc021_dd072_cr033_cd062_de05_rvx080_rvv077_hvx058_cvx038_hvv070_cvv043_pcv020_rvto105_nhvto001_cvto015_dvto000_ndvx007_dvv000_ndvol11817_vf000_fineq3,9,18,9
run1_tight_weak_v232_pr106_ph000_pc021_dd072_cr033_cd062_de05_rvx080_rvv077_hvx058_cvx038_hvv070_cvv043_pcv020_rvto105_nhvto001_cvto015_dvto000_ndvx007_dvv000_ndvol11817_vf000_finespx,9,18,9
run1_tight_weak_v232_pr106_ph000_pc021_dd072_cr033_cd062_de05_rvx080_rvv077_hvx058_cvx038_hvv070_cvv043_pcv020_rvto105_nhvto001_cvto015_dvto000_ndvx007_dvv000_ndvol11817_vf000_finespxq3safe,9,18,9
run1_tight_weak_v232_pr106_ph000_pc021_dd072_cr033_cd062_de05_rvx080_rvv077_hvx058_cvx038_hvv070_cvv043_pcv020_rvto105_nhvto001_cvto015_dvto000_ndvx007_dvv000_ndvol11818_vf000,9,18,9
run1_tight_weak_v232_pr106_ph000_pc021_dd072_cr033_cd062_de05_rvx080_rvv077_hvx058_cvx038_hvv070_cvv043_pcv020_rvto105_nhvto001_cvto015_dvto000_ndvx007_dvv000_ndvol11819_vf000,9,18,9
run1_tight_weak_v232_pr106_ph000_pc021_dd072_cr033_cd062_de05_rvx080_rvv077_hvx058_cvx038_hvv070_cvv043_pcv020_rvto105_nhvto001_cvto015_dvto000_ndvx007_dvv000_ndvol1181_vf000,9,18,9
run1_tight_weak_v232_pr106_ph000_pc021_dd072_cr033_cd062_de05_rvx080_rvv077_hvx058_cvx038_hvv070_cvv043_pcv020_rvto105_nhvto001_cvto015_dvto000_ndvx007_dvv000_ndvol1181_vf000_fineovr,9,18,9
run1_tight_weak_v232_pr106_ph000_pc021_dd072_cr033_cd062_de05_rvx080_rvv077_hvx058_cvx038_hvv070_cvv043_pcv020_rvto105_nhvto001_cvto015_dvto000_ndvx007_dvv000_ndvol1181_vf000_fineovr2,9,18,9
run1_tight_weak_v232_pr106_ph000_pc021_dd072_cr033_cd062_de05_rvx080_rvv077_hvx058_cvx038_hvv070_cvv043_pcv020_rvto105_nhvto001_cvto015_dvto000_ndvx007_dvv000_ndvol1181_vf000_fineovr3,9,18,9
run1_tight_weak_v232_pr106_ph000_pc021_dd072_cr033_cd062_de05_rvx080_rvv077_hvx058_cvx038_hvv070_cvv043_pcv020_rvto105_nhvto001_cvto015_dvto000_ndvx007_dvv000_ndvol1182_vf000,9,18,9
run1_tight_weak_v232_pr106_ph000_pc021_dd072_cr033_cd062_de05_rvx080_rvv077_hvx058_cvx038_hvv070_cvv043_pcv020_rvto105_nhvto001_cvto015_dvto000_ndvx007_dvv000_ndvol1183_vf000,9,18,9
run1_tight_weak_v232_pr106_ph000_pc021_dd072_cr033_cd062_de05_rvx080_rvv077_hvx058_cvx038_hvv070_cvv043_pcv020_rvto105_nhvto001_cvto015_dvto000_ndvx007_dvv000_ndvol1250_vf000,9,18,9
run1_tight_weak_v232_pr106_ph000_pc021_dd072_cr033_cd062_de05_rvx080_rvv077_hvx058_cvx038_hvv070_cvv043_pcv020_rvto105_nhvto001_cvto015_dvto000_ndvx007_dvv000_ndvol1500_vf000,9,18,9
run1_tight_weak_v232_pr106_ph000_pc021_dd072_cr033_cd062_de05_rvx080_rvv077_hvx058_cvx038_hvv070_cvv043_pcv020_rvto105_nhvto001_cvto015_dvto000_ndvx007_dvv000_ndvol1600_vf000,9,18,9
run1_tight_weak_v232_pr106_ph000_pc021_dd072_cr033_cd062_de05_rvx080_rvv077_hvx058_cvx038_hvv070_cvv043_pcv020_rvto105_nhvto001_cvto015_dvto000_ndvx007_dvv000_ndvol1700_vf000,9,18,9
run1_tight_weak_v232_pr106_ph000_pc021_dd072_cr033_cd062_de05_rvx080_rvv077_hvx058_cvx038_hvv070_cvv043_pcv020_rvto105_nhvto001_cvto015_dvto000_ndvx007_dvv000_ndvol1800_vf000,9,18,9
run1_tight_weak_v232_pr106_ph000_pc021_dd072_cr033_cd062_de05_rvx080_rvv077_hvx058_cvx038_hvv070_cvv043_pcv020_rvto105_nhvto001_cvto015_dvto000_ndvx007_dvv000_ndvol1900_vf000,9,18,9
run1_tight_weak_v232_pr106_ph000_pc021_dd072_cr033_cd062_de05_rvx080_rvv077_hvx058_cvx038_hvv070_cvv043_pcv020_rvto105_nhvto001_cvto015_dvto000_ndvx007_dvv000_ndvol2000_vf000,9,18,9
run1_tight_weak_v232_pr106_ph000_pc021_dd072_cr033_cd062_de05_rvx080_rvv077_hvx058_cvx038_hvv070_cvv043_pcv020_rvto105_nhvto001_cvto015_dvto000_ndvx007_dvv000_ndvol2100_vf000,9,18,9
run1_tight_weak_v232_pr106_ph000_pc021_dd072_cr033_cd062_de05_rvx080_rvv077_hvx058_cvx038_hvv070_cvv043_pcv020_rvto105_nhvto001_cvto015_dvto000_ndvx007_dvv000_ndvol2200_vf000,9,18,9
run1_tight_weak_v232_pr106_ph000_pc021_dd072_cr033_cd062_de05_rvx080_rvv077_hvx058_cvx038_hvv070_cvv043_pcv020_rvto105_nhvto001_cvto015_dvto000_ndvx007_dvv000_ndvol2201_vf000,9,18,9
run1_tight_weak_v232_pr106_ph000_pc021_dd072_cr033_cd062_de05_rvx080_rvv077_hvx058_cvx038_hvv070_cvv043_pcv020_rvto105_nhvto001_cvto015_dvto000_ndvx007_dvv000_ndvol2202_vf000,9,18,9
run1_tight_weak_v232_pr106_ph000_pc021_dd072_cr033_cd062_de05_rvx080_rvv077_hvx058_cvx038_hvv070_cvv043_pcv020_rvto105_nhvto001_cvto015_dvto000_ndvx007_dvv000_ndvol2203_vf000,9,18,9
run1_tight_weak_v232_pr106_ph000_pc021_dd072_cr033_cd062_de05_rvx080_rvv077_hvx058_cvx038_hvv070_cvv043_pcv020_rvto105_nhvto001_cvto015_dvto000_ndvx007_dvv000_ndvol2204_vf000,9,18,9
run1_tight_weak_v232_pr106_ph000_pc021_dd072_cr033_cd062_de05_rvx080_rvv077_hvx058_cvx038_hvv070_cvv043_pcv020_rvto105_nhvto001_cvto015_dvto000_ndvx007_dvv000_ndvol2205_vf000,9,18,9
run1_tight_weak_v232_pr106_ph000_pc021_dd072_cr033_cd062_de05_rvx080_rvv077_hvx058_cvx038_hvv070_cvv043_pcv020_rvto105_nhvto001_cvto015_dvto000_ndvx007_dvv000_ndvol2206_vf000,9,18,9
run1_tight_weak_v232_pr106_ph000_pc021_dd072_cr033_cd062_de05_rvx080_rvv077_hvx058_cvx038_hvv070_cvv043_pcv020_rvto105_nhvto001_cvto015_dvto000_ndvx007_dvv000_ndvol2207_vf000,9,18,9
run1_tight_weak_v232_pr106_ph000_pc021_dd072_cr033_cd062_de05_rvx080_rvv077_hvx058_cvx038_hvv070_cvv043_pcv020_rvto105_nhvto001_cvto015_dvto000_ndvx007_dvv000_ndvol2208_vf000,9,18,9
run1_tight_weak_v232_pr106_ph000_pc021_dd072_cr033_cd062_de05_rvx080_rvv077_hvx058_cvx038_hvv070_cvv043_pcv020_rvto105_nhvto001_cvto015_dvto000_ndvx007_dvv000_ndvol2209_vf000,9,18,9
run1_tight_weak_v232_pr106_ph000_pc021_dd072_cr033_cd062_de05_rvx080_rvv077_hvx058_cvx038_hvv070_cvv043_pcv020_rvto105_nhvto001_cvto015_dvto000_ndvx007_dvv000_ndvol2210_vf000,9,18,9
run1_tight_weak_v232_pr106_ph000_pc021_dd072_cr033_cd062_de05_rvx080_rvv077_hvx058_cvx038_hvv070_cvv043_pcv020_rvto105_nhvto001_cvto015_dvto000_ndvx007_dvv000_ndvol2300_vf000,9,18,9
run1_tight_weak_v232_pr106_ph000_pc021_dd072_cr033_cd062_de05_rvx080_rvv077_hvx058_cvx038_hvv070_cvv043_pcv020_rvto105_nhvto001_cvto015_dvto000_ndvx007_dvv000_ndvol7360_vf000_base,9,18,9
run1_tight_weak_v232_pr106_ph000_pc021_dd072_cr033_cd062_de05_rvx080_rvv077_hvx058_cvx038_hvv070_cvv043_pcv020_rvto105_nhvto001_cvto015_dvto000_ndvx007_dvv000_ndvol736_vf000_base,9,18,9
run1_tight_weak_v232_pr106_ph000_pc021_dd072_cr033_cd062_de05_rvx080_rvv077_hvx058_cvx038_hvv070_cvv043_pcv020_rvto105_nhvto001_cvto015_dvto000_ndvx007_dvv000_ndvol750_vf000,9,18,9
run1_tight_weak_v232_pr106_ph000_pc021_dd072_cr033_cd062_de05_rvx080_rvv077_hvx058_cvx038_hvv070_cvv043_pcv020_rvto105_nhvto001_cvto015_dvto000_ndvx007_dvv000_ndvol760_vf000,9,18,9
run1_tight_weak_v232_pr106_ph000_pc021_dd072_cr033_cd062_de05_rvx080_rvv077_hvx058_cvx038_hvv070_cvv043_pcv020_rvto105_nhvto001_cvto015_dvto000_ndvx007_dvv000_ndvol770_vf000,9,18,9
run1_tight_weak_v232_pr106_ph000_pc021_dd072_cr033_cd062_de05_rvx080_rvv077_hvx058_cvx038_hvv070_cvv043_pcv020_rvto105_nhvto001_cvto015_dvto000_ndvx007_dvv000_ndvol780_vf000,9,18,9
run1_tight_weak_v232_pr106_ph000_pc021_dd072_cr033_cd062_de05_rvx080_rvv077_hvx058_cvx038_hvv070_cvv043_pcv020_rvto105_nhvto001_cvto015_dvto000_ndvx007_dvv000_ndvol790_vf000,9,18,9
run1_tight_weak_v232_pr106_ph000_pc021_dd072_cr033_cd062_de05_rvx080_rvv077_hvx058_cvx038_hvv070_cvv043_pcv020_rvto105_nhvto001_cvto015_dvto000_ndvx007_dvv000_ndvol800_vf000,9,18,9
run1_tight_weak_v232_pr106_ph000_pc021_dd072_cr033_cd062_de05_rvx080_rvv077_hvx058_cvx038_hvv070_cvv043_pcv020_rvto105_nhvto001_cvto015_dvto000_ndvx007_dvv000_ndvol810_vf000,9,18,9
run1_tight_weak_v232_pr106_ph000_pc021_dd072_cr033_cd062_de05_rvx080_rvv077_hvx058_cvx038_hvv070_cvv043_pcv020_rvto105_nhvto001_cvto015_dvto000_ndvx007_dvv000_ndvol820_vf000,9,18,9
run1_tight_weak_v232_pr106_ph000_pc021_dd072_cr033_cd062_de05_rvx080_rvv077_hvx058_cvx038_hvv070_cvv043_pcv020_rvto105_nhvto001_cvto015_dvto000_ndvx007_dvv000_ndvol830_vf000,9,18,9
run1_tight_weak_v232_pr106_ph000_pc021_dd072_cr033_cd062_de05_rvx080_rvv077_hvx058_cvx038_hvv070_cvv043_pcv020_rvto105_nhvto001_cvto015_dvto000_ndvx007_dvv000_ndvol840_vf000,9,18,9
run1_tight_weak_v232_pr106_ph000_pc021_dd072_cr033_cd062_de05_rvx080_rvv077_hvx058_cvx038_hvv070_cvv043_pcv020_rvto105_nhvto001_cvto015_dvto000_ndvx007_dvv000_ndvol850_vf000,9,18,9
run1_tight_weak_v232_pr106_ph000_pc021_dd072_cr033_cd062_de05_rvx080_rvv077_hvx058_cvx038_hvv070_cvv043_pcv020_rvto105_nhvto001_cvto015_dvto000_ndvx007_dvv000_ndvol860_vf000,9,18,9
run1_tight_weak_v232_pr106_ph000_pc021_dd072_cr033_cd062_de05_rvx080_rvv077_hvx058_cvx038_hvv070_cvv043_pcv020_rvto105_nhvto001_cvto015_dvto000_ndvx007_dvv000_ndvol870_vf000,9,18,9
run1_tight_weak_v232_pr106_ph000_pc021_dd072_cr033_cd062_de05_rvx080_rvv077_hvx058_cvx038_hvv070_cvv043_pcv020_rvto105_nhvto001_cvto015_dvto000_ndvx007_dvv000_ndvol880_vf000,9,18,9
run1_tight_weak_v232_pr106_ph000_pc021_dd072_cr033_cd062_de05_rvx080_rvv077_hvx058_cvx038_hvv070_cvv043_pcv020_rvto105_nhvto001_cvto015_dvto000_ndvx007_dvv000_ndvol890_vf000,9,18,9
run1_tight_weak_v232_pr106_ph000_pc021_dd072_cr033_cd062_de05_rvx080_rvv077_hvx058_cvx038_hvv070_cvv043_pcv020_rvto105_nhvto001_cvto015_dvto000_ndvx007_dvv000_ndvol900_vf000,9,18,9
run1_tight_weak_v232_pr106_ph000_pc021_dd072_cr033_cd062_de05_rvx080_rvv077_hvx058_cvx038_hvv070_cvv043_pcv020_rvto105_nhvto001_cvto015_dvto000_ndvx007_dvv000_ndvol910_vf000,9,18,9
run1_tight_weak_v232_pr106_ph000_pc021_dd072_cr033_cd062_de05_rvx080_rvv077_hvx058_cvx038_hvv070_cvv043_pcv020_rvto105_nhvto001_cvto015_dvto000_ndvx007_dvv000_ndvol920_vf000,9,18,9
run1_tight_weak_v232_pr106_ph000_pc021_dd072_cr033_cd062_de05_rvx080_rvv077_hvx058_cvx038_hvv070_cvv043_pcv020_rvto105_nhvto001_cvto015_dvto000_ndvx007_dvv000_ndvol930_vf000,9,18,9
run1_tight_weak_v232_pr106_ph000_pc021_dd072_cr033_cd062_de05_rvx080_rvv077_hvx058_cvx038_hvv070_cvv043_pcv020_rvto105_nhvto001_cvto015_dvto000_ndvx007_dvv000_ndvol940_vf000,9,18,9
run1_tight_weak_v232_pr106_ph000_pc021_dd072_cr033_cd062_de05_rvx080_rvv077_hvx058_cvx038_hvv070_cvv043_pcv020_rvto105_nhvto001_cvto015_dvto000_ndvx007_dvv000_ndvol950_vf000,9,18,9
run1_tight_weak_v232_pr106_ph000_pc021_dd072_cr033_cd062_de05_rvx080_rvv077_hvx058_cvx038_hvv070_cvv043_pcv020_rvto105_nhvto001_cvto015_dvto000_ndvx007_dvv000_ndvol960_vf000,9,18,9
run1_tight_weak_v232_pr106_ph000_pc021_dd072_cr033_cd062_de05_rvx080_rvv077_hvx058_cvx038_hvv070_cvv043_pcv020_rvto105_nhvto001_cvto015_dvto000_ndvx007_dvv000_ndvol970_vf000,9,18,9
run1_tight_weak_v232_pr106_ph000_pc021_dd072_cr033_cd062_de05_rvx080_rvv077_hvx058_cvx038_hvv070_cvv043_pcv020_rvto105_nhvto001_cvto015_dvto000_ndvx007_dvv000_ndvol980_vf000,9,18,9
run1_tight_weak_v232_pr106_ph000_pc021_dd072_cr033_cd062_de05_rvx080_rvv077_hvx058_cvx038_hvv070_cvv043_pcv020_rvto105_nhvto001_cvto015_dvto000_ndvx007_dvv000_ndvol990_vf000,9,18,9
